Date,City,Country,Sex,Distance,RaceType,MassStart,Event,Place,Skier,Nation,ID,Season,Race,Birthday,Age,Exp,Leg,Pelo,Elo
2021-12-11,Otepää,Estonia,L,5,Mass Start,1,World Cup,1,Gyda Westvold Hansen,Norway,4,2022,3,2002-04-20T00:00:00.000000,19.644079397672826,5,0,1300.0,1328.8636363636363
2021-12-11,Otepää,Estonia,L,5,Mass Start,1,World Cup,2,Ida Marie Hagen,Norway,60,2022,3,2000-08-18T00:00:00.000000,21.314168377823407,3,0,1300.0,1325.9772727272727
2021-12-11,Otepää,Estonia,L,5,Mass Start,1,World Cup,3,Yuna Kasai,Japan,161,2022,3,2004-02-04T00:00:00.000000,17.8507871321013,5,0,1300.0,1323.090909090909
2021-12-11,Otepää,Estonia,L,5,Mass Start,1,World Cup,4,Marte Leinan Lund,Norway,7,2022,3,2001-04-01T00:00:00.000000,20.695414099931554,5,0,1300.0,1320.2045454545455
2021-12-11,Otepää,Estonia,L,5,Mass Start,1,World Cup,5,Annika Sieff,Italy,47,2022,3,2003-10-27T00:00:00.000000,18.12457221081451,5,0,1300.0,1317.3181818181818
2021-12-11,Otepää,Estonia,L,5,Mass Start,1,World Cup,6,Ema Volavsek,Slovenia,49,2022,3,2002-12-15T00:00:00.000000,18.989733059548254,5,0,1300.0,1314.4318181818182
2021-12-11,Otepää,Estonia,L,5,Mass Start,1,World Cup,7,Cindy Haasch,Germany,78,2022,3,2004-08-19T00:00:00.000000,17.311430527036276,4,0,1300.0,1311.5454545454545
2021-12-11,Otepää,Estonia,L,5,Mass Start,1,World Cup,8,Veronica Gianmoena,Italy,29,2022,3,1995-10-25T00:00:00.000000,26.130047912388775,4,0,1300.0,1308.659090909091
2021-12-11,Otepää,Estonia,L,5,Mass Start,1,World Cup,9,Anastasia Goncharova,Russia,45,2022,3,1999-10-10T00:00:00.000000,22.171115674195757,4,0,1300.0,1305.7727272727273
2021-12-11,Otepää,Estonia,L,5,Mass Start,1,World Cup,10,Maria Gerboth,Germany,66,2022,3,2002-06-19T00:00:00.000000,19.479808350444902,5,0,1300.0,1302.8863636363637
2021-12-11,Otepää,Estonia,L,5,Mass Start,1,World Cup,11,Anju Nakamura,Japan,67,2022,3,2000-01-23T00:00:00.000000,21.883641341546884,5,0,1300.0,1300.0
2021-12-11,Otepää,Estonia,L,5,Mass Start,1,World Cup,12,Annika Malacinski,USA,61,2022,3,2001-05-09T00:00:00.000000,20.591375770020534,5,0,1300.0,1297.1136363636363
2021-12-11,Otepää,Estonia,L,5,Mass Start,1,World Cup,13,Jenny Nowak,Germany,25,2022,3,2002-08-20T00:00:00.000000,19.310061601642712,5,0,1300.0,1294.2272727272727
2021-12-11,Otepää,Estonia,L,5,Mass Start,1,World Cup,14,Lisa Hirner,Austria,52,2022,3,2003-10-03T00:00:00.000000,18.19028062970568,5,0,1300.0,1291.340909090909
2021-12-11,Otepää,Estonia,L,5,Mass Start,1,World Cup,15,Léna Brocard,France,53,2022,3,2000-05-19T00:00:00.000000,21.56331279945243,5,0,1300.0,1288.4545454545455
2021-12-11,Otepää,Estonia,L,5,Mass Start,1,World Cup,16,Stefaniya Nadymova,Russia,27,2022,3,1994-12-01T00:00:00.000000,27.028062970568104,5,0,1300.0,1285.5681818181818
2021-12-11,Otepää,Estonia,L,5,Mass Start,1,World Cup,17,Annamarija Oinas,Finland,62,2022,3,2003-01-10T00:00:00.000000,18.918548939082818,1,0,1300.0,1282.6818181818182
2021-12-11,Otepää,Estonia,L,5,Mass Start,1,World Cup,18,Silva Verbič,Slovenia,40,2022,3,2002-03-31T00:00:00.000000,19.698836413415467,4,0,1300.0,1279.7954545454545
2021-12-11,Otepää,Estonia,L,5,Mass Start,1,World Cup,19,Alexandra Glazunova,Russia,50,2022,3,2000-04-27T00:00:00.000000,21.623545516769337,1,0,1300.0,1276.909090909091
2021-12-11,Otepää,Estonia,L,5,Mass Start,1,World Cup,20,Svetlana Gladikova,Russia,24,2022,3,1992-05-25T00:00:00.000000,29.546885694729635,3,0,1300.0,1274.0227272727273
2021-12-11,Otepää,Estonia,L,5,Mass Start,1,World Cup,21,Tereza Koldovska,Czechia,89,2022,3,2004-10-19T00:00:00.000000,17.144421629021217,4,0,1300.0,1271.1363636363637
2022-01-08,Val di Fiemme,Italy,L,5,Mass Start,1,World Cup,1,Gyda Westvold Hansen,Norway,4,2022,6,2002-04-20T00:00:00.000000,19.720739219712524,8,0,1328.8636363636363,1358.2348271574767
2022-01-08,Val di Fiemme,Italy,L,5,Mass Start,1,World Cup,2,Anju Nakamura,Japan,67,2022,6,2000-01-23T00:00:00.000000,21.960301163586585,8,0,1300.0,1329.2346340852032
2022-01-08,Val di Fiemme,Italy,L,5,Mass Start,1,World Cup,3,Lisa Hirner,Austria,52,2022,6,2003-10-03T00:00:00.000000,18.26694045174538,7,0,1291.340909090909,1318.5148487478737
2022-01-08,Val di Fiemme,Italy,L,5,Mass Start,1,World Cup,4,Yuna Kasai,Japan,161,2022,6,2004-02-04T00:00:00.000000,17.927446954141,8,0,1323.090909090909,1344.3515649704173
2022-01-08,Val di Fiemme,Italy,L,5,Mass Start,1,World Cup,5,Mari Leinan Lund,Norway,8,2022,6,1999-05-28T00:00:00.000000,22.61738535249829,5,0,1300.0,1320.5755431761122
2022-01-08,Val di Fiemme,Italy,L,5,Mass Start,1,World Cup,6,Marte Leinan Lund,Norway,7,2022,6,2001-04-01T00:00:00.000000,20.772073921971252,8,0,1320.2045454545455,1335.967147110753
2022-01-08,Val di Fiemme,Italy,L,5,Mass Start,1,World Cup,7,Ema Volavsek,Slovenia,49,2022,6,2002-12-15T00:00:00.000000,19.06639288158795,8,0,1314.4318181818182,1327.8580050901942
2022-01-08,Val di Fiemme,Italy,L,5,Mass Start,1,World Cup,8,Annika Sieff,Italy,47,2022,6,2003-10-27T00:00:00.000000,18.201232032854207,8,0,1317.3181818181818,1327.5829427089004
2022-01-08,Val di Fiemme,Italy,L,5,Mass Start,1,World Cup,9,Ida Marie Hagen,Norway,60,2022,6,2000-08-18T00:00:00.000000,21.39082819986311,6,0,1325.9772727272727,1332.531688300295
2022-01-08,Val di Fiemme,Italy,L,5,Mass Start,1,World Cup,10,Léna Brocard,France,53,2022,6,2000-05-19T00:00:00.000000,21.639972621492127,8,0,1288.4545454545455,1295.6988845538183
2022-01-08,Val di Fiemme,Italy,L,5,Mass Start,1,World Cup,11,Veronica Gianmoena,Italy,29,2022,6,1995-10-25T00:00:00.000000,26.206707734428473,7,0,1308.659090909091,1311.0903248605337
2022-01-08,Val di Fiemme,Italy,L,5,Mass Start,1,World Cup,12,Cindy Haasch,Germany,78,2022,6,2004-08-19T00:00:00.000000,17.388090349075974,7,0,1311.5454545454545,1310.8150238472501
2022-01-08,Val di Fiemme,Italy,L,5,Mass Start,1,World Cup,13,Jenny Nowak,Germany,25,2022,6,2002-08-20T00:00:00.000000,19.38672142368241,8,0,1294.2272727272727,1292.262466888487
2022-01-08,Val di Fiemme,Italy,L,5,Mass Start,1,World Cup,14,Stefaniya Nadymova,Russia,27,2022,6,1994-12-01T00:00:00.000000,27.104722792607802,7,0,1285.5681818181818,1281.5418094173149
2022-01-08,Val di Fiemme,Italy,L,5,Mass Start,1,World Cup,15,Annika Malacinski,USA,61,2022,6,2001-05-09T00:00:00.000000,20.66803559206023,8,0,1297.1136363636363,1289.1008675909236
2022-01-08,Val di Fiemme,Italy,L,5,Mass Start,1,World Cup,16,Sigrun Kleinrath,Austria,76,2022,6,2004-01-16T00:00:00.000000,17.979466119096507,3,0,1300.0,1288.8255431761122
2022-01-08,Val di Fiemme,Italy,L,5,Mass Start,1,World Cup,17,Maria Gerboth,Germany,66,2022,6,2002-06-19T00:00:00.000000,19.5564681724846,8,0,1302.8863636363637,1288.5501678317842
2022-01-08,Val di Fiemme,Italy,L,5,Mass Start,1,World Cup,18,Ami Sawaya,Japan,160,2022,6,1999-09-14T00:00:00.000000,22.31895961670089,5,0,1300.0,1283.052815903385
2022-01-08,Val di Fiemme,Italy,L,5,Mass Start,1,World Cup,19,Eva Hubinger,Austria,59,2022,6,1993-05-03T00:00:00.000000,28.684462696783026,2,0,1300.0,1280.1664522670212
2022-01-08,Val di Fiemme,Italy,L,5,Mass Start,1,World Cup,20,Alexa Brabec,USA,81,2022,6,2004-10-08T00:00:00.000000,17.25119780971937,3,0,1300.0,1277.2800886306577
2022-01-08,Val di Fiemme,Italy,L,5,Mass Start,1,World Cup,21,Silva Verbič,Slovenia,40,2022,6,2002-03-31T00:00:00.000000,19.77549623545517,7,0,1279.7954545454545,1256.1132673332615
2022-01-08,Val di Fiemme,Italy,L,5,Mass Start,1,World Cup,22,Sophia Maurus,Germany,23,2022,6,2001-11-30T00:00:00.000000,20.10677618069815,5,0,1300.0,1271.5073613579304
2022-01-08,Val di Fiemme,Italy,L,5,Mass Start,1,World Cup,23,Chulpan Valieva,Russia,73,2022,6,2001-01-27T00:00:00.000000,20.947296372347708,5,0,1300.0,1268.6209977215667
2022-05-01,Summer,Break,L,0,Offseason,0,Offseason,0,Veronica Gianmoena,Italy,29,2022,0,1995-10-25T00:00:00.000000,26.206707734428473,7,0,1311.0903248605337,1309.4267761314536
2022-05-01,Summer,Break,L,0,Offseason,0,Offseason,0,Stefaniya Nadymova,Russia,27,2022,0,1994-12-01T00:00:00.000000,27.104722792607802,7,0,1281.5418094173149,1284.3105380047177
2022-05-01,Summer,Break,L,0,Offseason,0,Offseason,0,Tereza Koldovska,Czechia,89,2022,0,2004-10-19T00:00:00.000000,17.144421629021217,4,0,1271.1363636363637,1275.4659090909092
2022-05-01,Summer,Break,L,0,Offseason,0,Offseason,0,Marte Leinan Lund,Norway,7,2022,0,2001-04-01T00:00:00.000000,20.772073921971252,8,0,1335.967147110753,1330.57207504414
2022-05-01,Summer,Break,L,0,Offseason,0,Offseason,0,Ema Volavsek,Slovenia,49,2022,0,2002-12-15T00:00:00.000000,19.06639288158795,8,0,1327.8580050901942,1323.679304326665
2022-05-01,Summer,Break,L,0,Offseason,0,Offseason,0,Sophia Maurus,Germany,23,2022,0,2001-11-30T00:00:00.000000,20.10677618069815,5,0,1271.5073613579304,1275.7812571542408
2022-05-01,Summer,Break,L,0,Offseason,0,Offseason,0,Alexandra Glazunova,Russia,50,2022,0,2000-04-27T00:00:00.000000,21.623545516769337,1,0,1276.909090909091,1280.3727272727274
2022-05-01,Summer,Break,L,0,Offseason,0,Offseason,0,Alexa Brabec,USA,81,2022,0,2004-10-08T00:00:00.000000,17.25119780971937,3,0,1277.2800886306577,1280.688075336059
2022-05-01,Summer,Break,L,0,Offseason,0,Offseason,0,Jenny Nowak,Germany,25,2022,0,2002-08-20T00:00:00.000000,19.38672142368241,8,0,1292.262466888487,1293.423096855214
2022-05-01,Summer,Break,L,0,Offseason,0,Offseason,0,Ami Sawaya,Japan,160,2022,0,1999-09-14T00:00:00.000000,22.31895961670089,5,0,1283.052815903385,1285.5948935178772
2022-05-01,Summer,Break,L,0,Offseason,0,Offseason,0,Annika Sieff,Italy,47,2022,0,2003-10-27T00:00:00.000000,18.201232032854207,8,0,1327.5829427089004,1323.4455013025654
2022-05-01,Summer,Break,L,0,Offseason,0,Offseason,0,Ida Marie Hagen,Norway,60,2022,0,2000-08-18T00:00:00.000000,21.39082819986311,6,0,1332.531688300295,1327.6519350552508
2022-05-01,Summer,Break,L,0,Offseason,0,Offseason,0,Anastasia Goncharova,Russia,45,2022,0,1999-10-10T00:00:00.000000,22.171115674195757,4,0,1305.7727272727273,1304.9068181818182
2022-05-01,Summer,Break,L,0,Offseason,0,Offseason,0,Anju Nakamura,Japan,67,2022,0,2000-01-23T00:00:00.000000,21.960301163586585,8,0,1329.2346340852032,1324.8494389724226
2022-05-01,Summer,Break,L,0,Offseason,0,Offseason,0,Cindy Haasch,Germany,78,2022,0,2004-08-19T00:00:00.000000,17.388090349075974,7,0,1310.8150238472501,1309.1927702701626
2022-05-01,Summer,Break,L,0,Offseason,0,Offseason,0,Lisa Hirner,Austria,52,2022,0,2003-10-03T00:00:00.000000,18.26694045174538,7,0,1318.5148487478737,1315.7376214356925
2022-05-01,Summer,Break,L,0,Offseason,0,Offseason,0,Chulpan Valieva,Russia,73,2022,0,2001-01-27T00:00:00.000000,20.947296372347708,5,0,1268.6209977215667,1273.3278480633317
2022-05-01,Summer,Break,L,0,Offseason,0,Offseason,0,Gyda Westvold Hansen,Norway,4,2022,0,2002-04-20T00:00:00.000000,19.720739219712524,8,0,1358.2348271574767,1349.4996030838552
2022-05-01,Summer,Break,L,0,Offseason,0,Offseason,0,Maria Gerboth,Germany,66,2022,0,2002-06-19T00:00:00.000000,19.5564681724846,8,0,1288.5501678317842,1290.2676426570165
2022-05-01,Summer,Break,L,0,Offseason,0,Offseason,0,Svetlana Gladikova,Russia,24,2022,0,1992-05-25T00:00:00.000000,29.546885694729635,3,0,1274.0227272727273,1277.9193181818182
2022-05-01,Summer,Break,L,0,Offseason,0,Offseason,0,Annika Malacinski,USA,61,2022,0,2001-05-09T00:00:00.000000,20.66803559206023,8,0,1289.1008675909236,1290.735737452285
2022-05-01,Summer,Break,L,0,Offseason,0,Offseason,0,Sigrun Kleinrath,Austria,76,2022,0,2004-01-16T00:00:00.000000,17.979466119096507,3,0,1288.8255431761122,1290.5017116996953
2022-05-01,Summer,Break,L,0,Offseason,0,Offseason,0,Léna Brocard,France,53,2022,0,2000-05-19T00:00:00.000000,21.639972621492127,8,0,1295.6988845538183,1296.3440518707455
2022-05-01,Summer,Break,L,0,Offseason,0,Offseason,0,Mari Leinan Lund,Norway,8,2022,0,1999-05-28T00:00:00.000000,22.61738535249829,5,0,1320.5755431761122,1317.4892116996953
2022-05-01,Summer,Break,L,0,Offseason,0,Offseason,0,Eva Hubinger,Austria,59,2022,0,1993-05-03T00:00:00.000000,28.684462696783026,2,0,1280.1664522670212,1283.141484426968
2022-05-01,Summer,Break,L,0,Offseason,0,Offseason,0,Annamarija Oinas,Finland,62,2022,0,2003-01-10T00:00:00.000000,18.918548939082818,1,0,1282.6818181818182,1285.2795454545455
2022-05-01,Summer,Break,L,0,Offseason,0,Offseason,0,Silva Verbič,Slovenia,40,2022,0,2002-03-31T00:00:00.000000,19.77549623545517,7,0,1256.1132673332615,1262.6962772332722
2022-05-01,Summer,Break,L,0,Offseason,0,Offseason,0,Yuna Kasai,Japan,161,2022,0,2004-02-04T00:00:00.000000,17.927446954141,8,0,1344.3515649704173,1337.6988302248546
2024-02-09,Otepää,Estonia,L,5,Mass Start,1,World Cup,1,Gyda Westvold Hansen,Norway,4,2024,11,2002-04-20T00:00:00.000000,21.806981519507186,31,0,1349.4996030838552,1393.1632918932198
2024-02-09,Otepää,Estonia,L,5,Mass Start,1,World Cup,2,Ida Marie Hagen,Norway,60,2024,11,2000-08-18T00:00:00.000000,23.477070499657767,30,0,1327.6519350552508,1369.5829140479461
2024-02-09,Otepää,Estonia,L,5,Mass Start,1,World Cup,3,Mari Leinan Lund,Norway,8,2024,11,1999-05-28T00:00:00.000000,24.70362765229295,20,0,1317.4892116996953,1355.949755886038
2024-02-09,Otepää,Estonia,L,5,Mass Start,1,World Cup,4,Nathalie Armbruster,Germany,168,2024,11,2006-01-02T00:00:00.000000,18.102669404517453,24,0,1300.0,1336.097482450618
2024-02-09,Otepää,Estonia,L,5,Mass Start,1,World Cup,5,Haruka Kasai,Japan,88,2024,11,2004-02-04T00:00:00.000000,20.01368925393566,24,0,1300.0,1331.097482450618
2024-02-09,Otepää,Estonia,L,5,Mass Start,1,World Cup,6,Jenny Nowak,Germany,25,2024,11,2002-08-20T00:00:00.000000,21.47296372347707,30,0,1293.423096855214,1320.5115054491596
2024-02-09,Otepää,Estonia,L,5,Mass Start,1,World Cup,7,Léna Brocard,France,53,2024,11,2000-05-19T00:00:00.000000,23.72621492128679,31,0,1296.3440518707455,1317.9925082766938
2024-02-09,Otepää,Estonia,L,5,Mass Start,1,World Cup,8,Maria Gerboth,Germany,66,2024,11,2002-06-19T00:00:00.000000,21.642710472279262,32,0,1290.2676426570165,1307.830993389023
2024-02-09,Otepää,Estonia,L,5,Mass Start,1,World Cup,9,Svenja Wuerth,Germany,165,2024,11,1993-08-20T00:00:00.000000,30.472279260780287,22,0,1300.0,1311.097482450618
2024-02-09,Otepää,Estonia,L,5,Mass Start,1,World Cup,10,Annika Malacinski,USA,61,2024,11,2001-05-09T00:00:00.000000,22.754277891854894,30,0,1290.735737452285,1298.2286576128595
2024-02-09,Otepää,Estonia,L,5,Mass Start,1,World Cup,11,Lisa Hirner,Austria,52,2024,11,2003-10-03T00:00:00.000000,20.35318275154004,28,0,1315.7376214356925,1314.462130585244
2024-02-09,Otepää,Estonia,L,5,Mass Start,1,World Cup,12,Annalena Slamik,Austria,41,2024,11,2003-03-23T00:00:00.000000,20.88432580424367,26,0,1300.0,1296.097482450618
2024-02-09,Otepää,Estonia,L,5,Mass Start,1,World Cup,13,Veronica Gianmoena,Italy,29,2024,11,1995-10-25T00:00:00.000000,28.292950034223136,29,0,1309.4267761314536,1299.1027715633402
2024-02-09,Otepää,Estonia,L,5,Mass Start,1,World Cup,14,Anju Nakamura,Japan,67,2024,11,2000-01-23T00:00:00.000000,24.046543463381244,32,0,1324.8494389724226,1307.2018033876127
2024-02-09,Otepää,Estonia,L,5,Mass Start,1,World Cup,15,Yuna Kasai,Japan,161,2024,11,2004-02-04T00:00:00.000000,20.01368925393566,30,0,1337.6988302248546,1313.122788841169
2024-02-09,Otepää,Estonia,L,5,Mass Start,1,World Cup,16,Daniela Dejori,Italy,37,2024,11,2002-08-01T00:00:00.000000,21.52498288843258,26,0,1300.0,1276.097482450618
2024-02-09,Otepää,Estonia,L,5,Mass Start,1,World Cup,17,Jonna Kil,Poland,68,2024,11,2000-07-09T00:00:00.000000,23.586584531143053,12,0,1300.0,1271.097482450618
2024-02-09,Otepää,Estonia,L,5,Mass Start,1,World Cup,18,Claudia Purker,Austria,177,2024,11,1999-01-15T00:00:00.000000,25.06776180698152,19,0,1300.0,1266.097482450618
2024-02-09,Otepää,Estonia,L,5,Mass Start,1,World Cup,19,Sana Azegami,Japan,162,2024,11,2001-11-04T00:00:00.000000,22.264202600958246,21,0,1300.0,1261.097482450618
2024-02-09,Otepää,Estonia,L,5,Mass Start,1,World Cup,20,Hanna Midtsundstad,Norway,3,2024,11,1999-09-22T00:00:00.000000,24.383299110198493,11,0,1300.0,1256.097482450618
2024-02-09,Otepää,Estonia,L,5,Mass Start,1,World Cup,21,Lumia Nurmela,Finland,233,2024,11,2008-04-23T00:00:00.000000,15.797399041752223,1,0,1300.0,1251.097482450618
2024-05-01,Summer,Break,L,0,Offseason,0,Offseason,0,Lumia Nurmela,Finland,233,2024,0,2008-04-23T00:00:00.000000,15.797399041752223,1,0,1251.097482450618,1258.4328600830252
2024-05-01,Summer,Break,L,0,Offseason,0,Offseason,0,Annalena Slamik,Austria,41,2024,0,2003-03-23T00:00:00.000000,20.88432580424367,26,0,1296.097482450618,1296.6828600830252
2024-05-01,Summer,Break,L,0,Offseason,0,Offseason,0,Svenja Wuerth,Germany,165,2024,0,1993-08-20T00:00:00.000000,30.472279260780287,22,0,1311.097482450618,1309.4328600830252
2024-05-01,Summer,Break,L,0,Offseason,0,Offseason,0,Daniela Dejori,Italy,37,2024,0,2002-08-01T00:00:00.000000,21.52498288843258,26,0,1276.097482450618,1279.6828600830252
2024-05-01,Summer,Break,L,0,Offseason,0,Offseason,0,Annika Malacinski,USA,61,2024,0,2001-05-09T00:00:00.000000,22.754277891854894,30,0,1298.2286576128595,1298.4943589709305
2024-05-01,Summer,Break,L,0,Offseason,0,Offseason,0,Maria Gerboth,Germany,66,2024,0,2002-06-19T00:00:00.000000,21.642710472279262,32,0,1307.830993389023,1306.6563443806695
2024-05-01,Summer,Break,L,0,Offseason,0,Offseason,0,Ida Marie Hagen,Norway,60,2024,0,2000-08-18T00:00:00.000000,23.477070499657767,30,0,1369.5829140479461,1359.1454769407542
2024-05-01,Summer,Break,L,0,Offseason,0,Offseason,0,Léna Brocard,France,53,2024,0,2000-05-19T00:00:00.000000,23.72621492128679,31,0,1317.9925082766938,1315.2936320351896
2024-05-01,Summer,Break,L,0,Offseason,0,Offseason,0,Mari Leinan Lund,Norway,8,2024,0,1999-05-28T00:00:00.000000,24.70362765229295,20,0,1355.949755886038,1347.5572925031322
2024-05-01,Summer,Break,L,0,Offseason,0,Offseason,0,Hanna Midtsundstad,Norway,3,2024,0,1999-09-22T00:00:00.000000,24.383299110198493,11,0,1256.097482450618,1262.6828600830252
2024-05-01,Summer,Break,L,0,Offseason,0,Offseason,0,Claudia Purker,Austria,177,2024,0,1999-01-15T00:00:00.000000,25.06776180698152,19,0,1266.097482450618,1271.1828600830252
2024-05-01,Summer,Break,L,0,Offseason,0,Offseason,0,Jonna Kil,Poland,68,2024,0,2000-07-09T00:00:00.000000,23.586584531143053,12,0,1271.097482450618,1275.4328600830252
2024-05-01,Summer,Break,L,0,Offseason,0,Offseason,0,Sana Azegami,Japan,162,2024,0,2001-11-04T00:00:00.000000,22.264202600958246,21,0,1261.097482450618,1266.9328600830252
2024-05-01,Summer,Break,L,0,Offseason,0,Offseason,0,Lisa Hirner,Austria,52,2024,0,2003-10-03T00:00:00.000000,20.35318275154004,28,0,1314.462130585244,1312.2928109974573
2024-05-01,Summer,Break,L,0,Offseason,0,Offseason,0,Gyda Westvold Hansen,Norway,4,2024,0,2002-04-20T00:00:00.000000,21.806981519507186,31,0,1393.1632918932198,1379.1887981092368
2024-05-01,Summer,Break,L,0,Offseason,0,Offseason,0,Haruka Kasai,Japan,88,2024,0,2004-02-04T00:00:00.000000,20.01368925393566,24,0,1331.097482450618,1326.4328600830252
2024-05-01,Summer,Break,L,0,Offseason,0,Offseason,0,Jenny Nowak,Germany,25,2024,0,2002-08-20T00:00:00.000000,21.47296372347707,30,0,1320.5115054491596,1317.4347796317857
2024-05-01,Summer,Break,L,0,Offseason,0,Offseason,0,Veronica Gianmoena,Italy,29,2024,0,1995-10-25T00:00:00.000000,28.292950034223136,29,0,1299.1027715633402,1299.237355828839
2024-05-01,Summer,Break,L,0,Offseason,0,Offseason,0,Nathalie Armbruster,Germany,168,2024,0,2006-01-02T00:00:00.000000,18.102669404517453,24,0,1336.097482450618,1330.6828600830252
2024-05-01,Summer,Break,L,0,Offseason,0,Offseason,0,Yuna Kasai,Japan,161,2024,0,2004-02-04T00:00:00.000000,20.01368925393566,30,0,1313.122788841169,1311.1543705149936
2024-05-01,Summer,Break,L,0,Offseason,0,Offseason,0,Anju Nakamura,Japan,67,2024,0,2000-01-23T00:00:00.000000,24.046543463381244,32,0,1307.2018033876127,1306.1215328794708
2024-12-20,Ramsau,Austria,L,5,Mass Start,1,World Cup,1,Ida Marie Hagen,Norway,60,2025,3,2000-08-18T00:00:00.000000,24.33949349760438,37,0,1359.1454769407542,1371.1031425693927
2024-12-20,Ramsau,Austria,L,5,Mass Start,1,World Cup,2,Haruka Kasai,Japan,88,2025,3,2004-02-04T00:00:00.000000,20.876112251882272,31,0,1326.4328600830252,1338.6652748743452
2024-12-20,Ramsau,Austria,L,5,Mass Start,1,World Cup,3,Minja Korhonen,Finland,200,2025,3,2007-05-19T00:00:00.000000,17.590691307323752,18,0,1300.0,1312.2564876755096
2024-12-20,Ramsau,Austria,L,5,Mass Start,1,World Cup,4,Nathalie Armbruster,Germany,168,2025,3,2006-01-02T00:00:00.000000,18.965092402464066,31,0,1330.6828600830252,1340.5258973903176
2024-12-20,Ramsau,Austria,L,5,Mass Start,1,World Cup,5,Yuna Kasai,Japan,161,2025,3,2004-02-04T00:00:00.000000,20.876112251882272,37,0,1311.1543705149936,1320.7253856707507
2024-12-20,Ramsau,Austria,L,5,Mass Start,1,World Cup,6,Jenny Nowak,Germany,25,2025,3,2002-08-20T00:00:00.000000,22.33538672142368,37,0,1317.4347796317857,1325.6332687241606
2024-12-20,Ramsau,Austria,L,5,Mass Start,1,World Cup,7,Maria Gerboth,Germany,66,2025,3,2002-06-19T00:00:00.000000,22.50513347022587,39,0,1306.6563443806695,1314.2108894885032
2024-12-20,Ramsau,Austria,L,5,Mass Start,1,World Cup,8,Léna Brocard,France,53,2025,3,2000-05-19T00:00:00.000000,24.588637919233403,38,0,1315.2936320351896,1321.374816593347
2024-12-20,Ramsau,Austria,L,5,Mass Start,1,World Cup,9,Ema Volavsek,Slovenia,49,2025,3,2002-12-15T00:00:00.000000,22.015058179329227,23,0,1323.679304326665,1328.2985110530503
2024-12-20,Ramsau,Austria,L,5,Mass Start,1,World Cup,10,Cindy Haasch,Germany,78,2025,3,2004-08-19T00:00:00.000000,20.33675564681725,20,0,1309.1927702701626,1313.3258650706427
2024-12-20,Ramsau,Austria,L,5,Mass Start,1,World Cup,11,Svenja Wuerth,Germany,165,2025,3,1993-08-20T00:00:00.000000,31.3347022587269,29,0,1309.4328600830252,1312.4513469980102
2024-12-20,Ramsau,Austria,L,5,Mass Start,1,World Cup,12,Marte Leinan Lund,Norway,7,2025,3,2001-04-01T00:00:00.000000,23.720739219712524,32,0,1330.57207504414,1331.5850353326414
2024-12-20,Ramsau,Austria,L,5,Mass Start,1,World Cup,13,Ronja Loh,Germany,171,2025,3,2005-04-21T00:00:00.000000,19.665982203969882,9,0,1300.0,1301.21300941464
2024-12-20,Ramsau,Austria,L,5,Mass Start,1,World Cup,14,Claudia Purker,Austria,177,2025,3,1999-01-15T00:00:00.000000,25.930184804928132,26,0,1271.1828600830252,1272.5198857348971
2024-12-20,Ramsau,Austria,L,5,Mass Start,1,World Cup,15,Annika Malacinski,USA,61,2025,3,2001-05-09T00:00:00.000000,23.616700889801507,37,0,1298.4943589709305,1297.5630337318685
2024-12-20,Ramsau,Austria,L,5,Mass Start,1,World Cup,16,Sana Azegami,Japan,162,2025,3,2001-11-04T00:00:00.000000,23.12662559890486,26,0,1266.9328600830252,1266.241220274936
2024-12-20,Ramsau,Austria,L,5,Mass Start,1,World Cup,17,Jonna Kil,Poland,68,2025,3,2000-07-09T00:00:00.000000,24.449007529089663,19,0,1275.4328600830252,1273.2764197906263
2024-12-20,Ramsau,Austria,L,5,Mass Start,1,World Cup,18,Anna-Sophie Gredler,Austria,223,2025,3,2008-01-21T00:00:00.000000,16.914442162902123,1,0,1300.0,1295.6912702842053
2024-12-20,Ramsau,Austria,L,5,Mass Start,1,World Cup,19,Katharina Gruber,Austria,219,2025,3,2008-08-26T00:00:00.000000,16.317590691307323,1,0,1300.0,1294.5869224581184
2024-12-20,Ramsau,Austria,L,5,Mass Start,1,World Cup,20,Mille Marie Hagen,Norway,180,2025,3,2002-12-13T00:00:00.000000,22.02053388090349,18,0,1300.0,1293.4825746320314
2024-12-20,Ramsau,Austria,L,5,Mass Start,1,World Cup,21,Greta Pinzani,Italy,96,2025,3,2005-02-14T00:00:00.000000,19.8466803559206,9,0,1300.0,1292.3782268059445
2024-12-20,Ramsau,Austria,L,5,Mass Start,1,World Cup,22,Daniela Dejori,Italy,37,2025,3,2002-08-01T00:00:00.000000,22.38740588637919,33,0,1279.6828600830252,1271.8239182041618
2024-12-20,Ramsau,Austria,L,5,Mass Start,1,World Cup,23,Silva Verbič,Slovenia,40,2025,3,2002-03-31T00:00:00.000000,22.72416153319644,32,0,1262.6962772332722,1254.4532225366904
2024-12-20,Ramsau,Austria,L,5,Mass Start,1,World Cup,24,Veronica Gianmoena,Italy,29,2025,3,1995-10-25T00:00:00.000000,29.155373032169745,36,0,1299.237355828839,1288.335140234064
2024-12-20,Ramsau,Austria,L,5,Mass Start,1,World Cup,25,Anna Kerko,Finland,211,2025,3,2007-08-25T00:00:00.000000,17.322381930184804,2,0,1300.0,1287.9608355015966
2024-12-20,Ramsau,Austria,L,5,Mass Start,1,World Cup,26,Tereza Koldovska,Czechia,89,2025,3,2004-10-19T00:00:00.000000,20.16974674880219,20,0,1275.4659090909092,1263.3689339556129
2024-12-20,Ramsau,Austria,L,5,Mass Start,1,World Cup,27,Jolana Hradilova,Czechia,87,2025,3,2004-06-29T00:00:00.000000,20.476386036960985,6,0,1300.0,1285.7521398494227
2025-01-31,Seefeld,Austria,L,5,Mass Start,1,World Cup,1,Ida Marie Hagen,Norway,60,2025,7,2000-08-18T00:00:00.000000,24.45448323066393,41,0,1371.1031425693927,1383.7816480677247
2025-01-31,Seefeld,Austria,L,5,Mass Start,1,World Cup,2,Gyda Westvold Hansen,Norway,4,2025,7,2002-04-20T00:00:00.000000,22.784394250513348,41,0,1379.1887981092368,1390.4049544230143
2025-01-31,Seefeld,Austria,L,5,Mass Start,1,World Cup,3,Nathalie Armbruster,Germany,168,2025,7,2006-01-02T00:00:00.000000,19.080082135523615,35,0,1340.5258973903176,1352.372591296766
2025-01-31,Seefeld,Austria,L,5,Mass Start,1,World Cup,4,Yuna Kasai,Japan,161,2025,7,2004-02-04T00:00:00.000000,20.99110198494182,41,0,1320.7253856707507,1332.3719749315492
2025-01-31,Seefeld,Austria,L,5,Mass Start,1,World Cup,5,Léna Brocard,France,53,2025,7,2000-05-19T00:00:00.000000,24.70362765229295,42,0,1321.374816593347,1331.8873173302238
2025-01-31,Seefeld,Austria,L,5,Mass Start,1,World Cup,6,Haruka Kasai,Japan,88,2025,7,2004-02-04T00:00:00.000000,20.99110198494182,35,0,1338.6652748743452,1347.2836027658768
2025-01-31,Seefeld,Austria,L,5,Mass Start,1,World Cup,7,Claudia Purker,Austria,177,2025,7,1999-01-15T00:00:00.000000,26.04517453798768,30,0,1272.5198857348971,1283.056800778558
2025-01-31,Seefeld,Austria,L,5,Mass Start,1,World Cup,8,Marte Leinan Lund,Norway,7,2025,7,2001-04-01T00:00:00.000000,23.835728952772072,36,0,1331.5850353326414,1338.3175307602887
2025-01-31,Seefeld,Austria,L,5,Mass Start,1,World Cup,9,Ingrid Låte,Norway,201,2025,7,2007-07-23T00:00:00.000000,17.527720739219713,4,0,1300.0,1307.0746902360258
2025-01-31,Seefeld,Austria,L,5,Mass Start,1,World Cup,10,Maria Gerboth,Germany,66,2025,7,2002-06-19T00:00:00.000000,22.62012320328542,43,0,1314.2108894885032,1319.529881706375
2025-01-31,Seefeld,Austria,L,5,Mass Start,1,World Cup,11,Alexa Brabec,USA,81,2025,7,2004-10-08T00:00:00.000000,20.314852840520192,24,0,1280.688075336059,1286.4364787358577
2025-01-31,Seefeld,Austria,L,5,Mass Start,1,World Cup,12,Annalena Slamik,Austria,41,2025,7,2003-03-23T00:00:00.000000,21.861738535249827,35,0,1296.6828600830252,1300.5964152784713
2025-01-31,Seefeld,Austria,L,5,Mass Start,1,World Cup,13,Ema Volavsek,Slovenia,49,2025,7,2002-12-15T00:00:00.000000,22.130047912388775,27,0,1328.2985110530503,1329.1072542539687
2025-01-31,Seefeld,Austria,L,5,Mass Start,1,World Cup,13,Jenny Nowak,Germany,25,2025,7,2002-08-20T00:00:00.000000,22.45037645448323,40,0,1325.6332687241606,1326.563897661767
2025-01-31,Seefeld,Austria,L,5,Mass Start,1,World Cup,15,Yuzuki Kainuma,Japan,239,2025,7,2007-07-22T00:00:00.000000,17.530458590006845,3,0,1300.0,1300.4486032795041
2025-01-31,Seefeld,Austria,L,5,Mass Start,1,World Cup,16,Ronja Loh,Germany,171,2025,7,2005-04-21T00:00:00.000000,19.78097193702943,13,0,1301.21300941464,1300.5016938037027
2025-01-31,Seefeld,Austria,L,5,Mass Start,1,World Cup,17,Teja Pavec,Slovenia,209,2025,7,2007-04-15T00:00:00.000000,17.79876796714579,11,0,1300.0,1298.2399076273302
2025-01-31,Seefeld,Austria,L,5,Mass Start,1,World Cup,18,Cindy Haasch,Germany,78,2025,7,2004-08-19T00:00:00.000000,20.451745379876797,24,0,1313.3258650706427,1309.850641597831
2025-01-31,Seefeld,Austria,L,5,Mass Start,1,World Cup,19,Svenja Wuerth,Germany,165,2025,7,1993-08-20T00:00:00.000000,31.449691991786448,30,0,1312.4513469980102,1307.911863137705
2025-01-31,Seefeld,Austria,L,5,Mass Start,1,World Cup,20,Katharina Gruber,Austria,219,2025,7,2008-08-26T00:00:00.000000,16.432580424366872,3,0,1294.5869224581184,1289.7616252291102
2025-01-31,Seefeld,Austria,L,5,Mass Start,1,World Cup,21,Heta Hirvonen,Finland,218,2025,7,2008-10-16T00:00:00.000000,16.292950034223136,12,0,1300.0,1293.8225163229824
2025-01-31,Seefeld,Austria,L,5,Mass Start,1,World Cup,22,Annika Malacinski,USA,61,2025,7,2001-05-09T00:00:00.000000,23.731690622861052,41,0,1297.5630337318685,1290.3928123933897
2025-01-31,Seefeld,Austria,L,5,Mass Start,1,World Cup,23,Romane Baud,France,206,2025,7,2006-09-23T00:00:00.000000,18.357289527720738,2,0,1300.0,1291.6138206708085
2025-01-31,Seefeld,Austria,L,5,Mass Start,1,World Cup,24,Anna-Sophie Gredler,Austria,223,2025,7,2008-01-21T00:00:00.000000,17.029431895961668,3,0,1295.6912702842053,1286.3980419431653
2025-01-31,Seefeld,Austria,L,5,Mass Start,1,World Cup,25,Jonna Kil,Poland,68,2025,7,2000-07-09T00:00:00.000000,24.56399726214921,21,0,1273.2764197906263,1263.9007717169377
2025-01-31,Seefeld,Austria,L,5,Mass Start,1,World Cup,26,Nora Helene Evans,Norway,231,2025,7,2008-09-11T00:00:00.000000,16.38877481177276,4,0,1300.0,1288.3007771925477
2025-01-31,Seefeld,Austria,L,5,Mass Start,1,World Cup,27,Marion Droz Vincent,France,229,2025,7,2008-01-08T00:00:00.000000,17.065023956194388,1,0,1300.0,1287.1964293664607
2025-01-31,Seefeld,Austria,L,5,Mass Start,1,World Cup,28,Minja Korhonen,Finland,200,2025,7,2007-05-19T00:00:00.000000,17.7056810403833,22,0,1312.2564876755096,1297.7868058608094
2025-01-31,Seefeld,Austria,L,5,Mass Start,1,World Cup,29,Tereza Koldovska,Czechia,89,2025,7,2004-10-19T00:00:00.000000,20.28473648186174,23,0,1263.3689339556129,1250.02378197021
2025-02-07,Otepää,Estonia,L,5,Mass Start,1,World Cup,1,Yuna Kasai,Japan,161,2025,10,2004-02-04T00:00:00.000000,21.010266940451746,44,0,1332.3719749315492,1343.570843822865
2025-02-07,Otepää,Estonia,L,5,Mass Start,1,World Cup,2,Haruka Kasai,Japan,88,2025,10,2004-02-04T00:00:00.000000,21.010266940451746,38,0,1347.2836027658768,1356.8427622973281
2025-02-07,Otepää,Estonia,L,5,Mass Start,1,World Cup,3,Jenny Nowak,Germany,25,2025,10,2002-08-20T00:00:00.000000,22.469541409993155,43,0,1326.563897661767,1335.7636179185986
2025-02-07,Otepää,Estonia,L,5,Mass Start,1,World Cup,4,Nathalie Armbruster,Germany,168,2025,10,2006-01-02T00:00:00.000000,19.09924709103354,38,0,1352.372591296766,1359.5414615741781
2025-02-07,Otepää,Estonia,L,5,Mass Start,1,World Cup,5,Cindy Haasch,Germany,78,2025,10,2004-08-19T00:00:00.000000,20.470910335386723,27,0,1309.850641597831,1317.4465090461756
2025-02-07,Otepää,Estonia,L,5,Mass Start,1,World Cup,6,Yuzuki Kainuma,Japan,239,2025,10,2007-07-22T00:00:00.000000,17.54962354551677,6,0,1300.4486032795041,1306.7286512883713
2025-02-07,Otepää,Estonia,L,5,Mass Start,1,World Cup,6,Léna Brocard,France,53,2025,10,2000-05-19T00:00:00.000000,24.722792607802873,45,0,1331.8873173302238,1337.0297407461792
2025-02-07,Otepää,Estonia,L,5,Mass Start,1,World Cup,8,Minja Korhonen,Finland,200,2025,10,2007-05-19T00:00:00.000000,17.724845995893222,25,0,1297.7868058608094,1302.5067564384378
2025-02-07,Otepää,Estonia,L,5,Mass Start,1,World Cup,9,Ema Volavsek,Slovenia,49,2025,10,2002-12-15T00:00:00.000000,22.1492128678987,28,0,1329.1072542539687,1331.5890706440603
2025-02-07,Otepää,Estonia,L,5,Mass Start,1,World Cup,10,Annalena Slamik,Austria,41,2025,10,2003-03-23T00:00:00.000000,21.880903490759753,38,0,1300.5964152784713,1303.0058905866724
2025-02-07,Otepää,Estonia,L,5,Mass Start,1,World Cup,11,Alexa Brabec,USA,81,2025,10,2004-10-08T00:00:00.000000,20.334017796030118,27,0,1286.4364787358577,1288.254036354444
2025-02-07,Otepää,Estonia,L,5,Mass Start,1,World Cup,12,Maria Gerboth,Germany,66,2025,10,2002-06-19T00:00:00.000000,22.639288158795345,46,0,1319.529881706375,1319.044777799535
2025-02-07,Otepää,Estonia,L,5,Mass Start,1,World Cup,13,Claudia Purker,Austria,177,2025,10,1999-01-15T00:00:00.000000,26.064339493497602,33,0,1283.056800778558,1282.787692162704
2025-02-07,Otepää,Estonia,L,5,Mass Start,1,World Cup,14,Marte Leinan Lund,Norway,7,2025,10,2001-04-01T00:00:00.000000,23.854893908281998,37,0,1338.3175307602887,1334.9459060397412
2025-02-07,Otepää,Estonia,L,5,Mass Start,1,World Cup,15,Ida Marie Hagen,Norway,60,2025,10,2000-08-18T00:00:00.000000,24.473648186173854,42,0,1383.7816480677247,1377.6997599874182
2025-02-07,Otepää,Estonia,L,5,Mass Start,1,World Cup,16,Annika Malacinski,USA,61,2025,10,2001-05-09T00:00:00.000000,23.750855578370977,44,0,1290.3928123933897,1286.545616069758
2025-02-07,Otepää,Estonia,L,5,Mass Start,1,World Cup,17,Jonna Kil,Poland,68,2025,10,2000-07-09T00:00:00.000000,24.583162217659137,24,0,1263.9007717169377,1259.9024002194599
2025-02-07,Otepää,Estonia,L,5,Mass Start,1,World Cup,18,Sophia Maurus,Germany,23,2025,10,2001-11-30T00:00:00.000000,23.189596167008897,20,0,1275.7812571542408,1270.2525588234005
2025-02-07,Otepää,Estonia,L,5,Mass Start,1,World Cup,19,Mille Marie Hagen,Norway,180,2025,10,2002-12-13T00:00:00.000000,22.154688569472963,22,0,1293.4825746320314,1286.2105438756805
2025-02-07,Otepää,Estonia,L,5,Mass Start,1,World Cup,20,Sana Azegami,Japan,162,2025,10,2001-11-04T00:00:00.000000,23.260780287474333,30,0,1266.241220274936,1258.8461284069613
2025-02-07,Otepää,Estonia,L,5,Mass Start,1,World Cup,21,Tereza Koldovska,Czechia,89,2025,10,2004-10-19T00:00:00.000000,20.303901437371664,26,0,1250.02378197021,1242.1011960075305
2025-02-07,Otepää,Estonia,L,5,Mass Start,1,World Cup,22,Hanna Midtsundstad,Norway,3,2025,10,1999-09-22T00:00:00.000000,25.37987679671458,21,0,1262.6828600830252,1253.2062408463555
2025-02-07,Otepää,Estonia,L,5,Mass Start,1,World Cup,23,Petra Torvinen,Finland,247,2025,10,1994-11-25T00:00:00.000000,30.203969883641342,1,0,1300.0,1288.0745615744875
2025-02-27,Trondheim,Norway,L,5,Mass Start,1,World Championship,1,Yuna Kasai,Japan,161,2025,13,2004-02-04T00:00:00.000000,21.065023956194388,47,0,1343.570843822865,1360.8128333161699
2025-02-27,Trondheim,Norway,L,5,Mass Start,1,World Championship,2,Gyda Westvold Hansen,Norway,4,2025,13,2002-04-20T00:00:00.000000,22.858316221765914,44,0,1390.4049544230143,1403.9650097197948
2025-02-27,Trondheim,Norway,L,5,Mass Start,1,World Championship,3,Haruka Kasai,Japan,88,2025,13,2004-02-04T00:00:00.000000,21.065023956194388,41,0,1356.8427622973281,1371.1343821550963
2025-02-27,Trondheim,Norway,L,5,Mass Start,1,World Championship,4,Alexa Brabec,USA,81,2025,13,2004-10-08T00:00:00.000000,20.38877481177276,30,0,1288.254036354444,1305.3138525450718
2025-02-27,Trondheim,Norway,L,5,Mass Start,1,World Championship,5,Jenny Nowak,Germany,25,2025,13,2002-08-20T00:00:00.000000,22.524298425735797,46,0,1335.7636179185986,1349.027392900353
2025-02-27,Trondheim,Norway,L,5,Mass Start,1,World Championship,6,Nathalie Armbruster,Germany,168,2025,13,2006-01-02T00:00:00.000000,19.15400410677618,41,0,1359.5414615741781,1370.3701302990692
2025-02-27,Trondheim,Norway,L,5,Mass Start,1,World Championship,7,Lisa Hirner,Austria,52,2025,13,2003-10-03T00:00:00.000000,21.404517453798768,37,0,1312.2928109974573,1324.6762117366802
2025-02-27,Trondheim,Norway,L,5,Mass Start,1,World Championship,8,Marte Leinan Lund,Norway,7,2025,13,2001-04-01T00:00:00.000000,23.90965092402464,40,0,1334.9459060397412,1344.9427370151013
2025-02-27,Trondheim,Norway,L,5,Mass Start,1,World Championship,9,Ingrid Låte,Norway,201,2025,13,2007-07-23T00:00:00.000000,17.60164271047228,5,0,1307.0746902360258,1317.5455239806636
2025-02-27,Trondheim,Norway,L,5,Mass Start,1,World Championship,10,Ida Marie Hagen,Norway,60,2025,13,2000-08-18T00:00:00.000000,24.528405201916495,45,0,1377.6997599874182,1383.1121220497928
2025-02-27,Trondheim,Norway,L,5,Mass Start,1,World Championship,11,Ema Volavsek,Slovenia,49,2025,13,2002-12-15T00:00:00.000000,22.203969883641342,31,0,1331.5890706440603,1338.4622795233831
2025-02-27,Trondheim,Norway,L,5,Mass Start,1,World Championship,12,Minja Korhonen,Finland,200,2025,13,2007-05-19T00:00:00.000000,17.779603011635867,27,0,1302.5067564384378,1309.9237926240385
2025-02-27,Trondheim,Norway,L,5,Mass Start,1,World Championship,13,Annalena Slamik,Austria,41,2025,13,2003-03-23T00:00:00.000000,21.935660506502394,41,0,1303.0058905866724,1309.2902535562578
2025-02-27,Trondheim,Norway,L,5,Mass Start,1,World Championship,14,Claudia Purker,Austria,177,2025,13,1999-01-15T00:00:00.000000,26.119096509240247,36,0,1282.787692162704,1289.1131634608582
2025-02-27,Trondheim,Norway,L,5,Mass Start,1,World Championship,15,Léna Brocard,France,53,2025,13,2000-05-19T00:00:00.000000,24.777549623545518,48,0,1337.0297407461792,1339.1786935431464
2025-02-27,Trondheim,Norway,L,5,Mass Start,1,World Championship,16,Tia Malovrh,Slovenia,221,2025,13,2008-07-16T00:00:00.000000,16.618754277891856,4,0,1300.0,1303.141884668503
2025-02-27,Trondheim,Norway,L,5,Mass Start,1,World Championship,17,Trine Göpfert,Germany,107,2025,13,2005-06-19T00:00:00.000000,19.693360711841205,4,0,1300.0,1302.037536842416
2025-02-27,Trondheim,Norway,L,5,Mass Start,1,World Championship,18,Teja Pavec,Slovenia,209,2025,13,2007-04-15T00:00:00.000000,17.872689938398356,13,0,1298.2399076273302,1299.2729471138932
2025-02-27,Trondheim,Norway,L,5,Mass Start,1,World Championship,19,Yuzuki Kainuma,Japan,239,2025,13,2007-07-22T00:00:00.000000,17.60438056125941,9,0,1306.7286512883713,1305.6234724971523
2025-02-27,Trondheim,Norway,L,5,Mass Start,1,World Championship,19,Heta Hirvonen,Finland,218,2025,13,2008-10-16T00:00:00.000000,16.366872005475702,15,0,1293.8225163229824,1293.449518773573
2025-02-27,Trondheim,Norway,L,5,Mass Start,1,World Championship,21,Maria Gerboth,Germany,66,2025,13,2002-06-19T00:00:00.000000,22.694045174537987,49,0,1319.044777799535,1315.584366720693
2025-02-27,Trondheim,Norway,L,5,Mass Start,1,World Championship,22,Katharina Gruber,Austria,219,2025,13,2008-08-26T00:00:00.000000,16.50650239561944,6,0,1289.7616252291102,1286.8578289420336
2025-02-27,Trondheim,Norway,L,5,Mass Start,1,World Championship,23,Masa Likozar Brankovic,Slovenia,243,2025,13,2009-04-13T00:00:00.000000,15.876796714579056,1,0,1300.0,1295.4114498858944
2025-02-27,Trondheim,Norway,L,5,Mass Start,1,World Championship,24,Veronica Gianmoena,Italy,29,2025,13,1995-10-25T00:00:00.000000,29.34428473648186,40,0,1288.335140234064,1283.3034091757568
2025-02-27,Trondheim,Norway,L,5,Mass Start,1,World Championship,25,Annika Malacinski,USA,61,2025,13,2001-05-09T00:00:00.000000,23.80561259411362,47,0,1286.545616069758,1280.5108033844851
2025-02-27,Trondheim,Norway,L,5,Mass Start,1,World Championship,26,Sana Azegami,Japan,162,2025,13,2001-11-04T00:00:00.000000,23.315537303216974,33,0,1258.8461284069613,1253.2638056777037
2025-02-27,Trondheim,Norway,L,5,Mass Start,1,World Championship,27,Daniela Dejori,Italy,37,2025,13,2002-08-01T00:00:00.000000,22.576317590691307,37,0,1271.8239182041618,1264.4107916063945
2025-02-27,Trondheim,Norway,L,5,Mass Start,1,World Championship,28,Marion Droz Vincent,France,229,2025,13,2008-01-08T00:00:00.000000,17.138945927446954,4,0,1287.1964293664607,1277.8117512613596
2025-02-27,Trondheim,Norway,L,5,Mass Start,1,World Championship,29,Jonna Kil,Poland,68,2025,13,2000-07-09T00:00:00.000000,24.637919233401778,27,0,1259.9024002194599,1250.9481510778871
2025-02-27,Trondheim,Norway,L,5,Mass Start,1,World Championship,30,Greta Pinzani,Italy,96,2025,13,2005-02-14T00:00:00.000000,20.035592060232716,13,0,1292.3782268059445,1280.4914288707232
2025-02-27,Trondheim,Norway,L,5,Mass Start,1,World Championship,31,Kai McKinnon,USA,237,2025,13,2008-05-06T00:00:00.000000,16.813141683778234,1,0,1300.0,1286.5766672771988
2025-02-27,Trondheim,Norway,L,5,Mass Start,1,World Championship,32,Anna Senoner,Italy,208,2025,13,2007-11-14T00:00:00.000000,17.28952772073922,3,0,1300.0,1285.4723194511118
2025-02-27,Trondheim,Norway,L,5,Mass Start,1,World Championship,33,Karina Kozlova,Ukraine,246,2025,13,2009-05-01T00:00:00.000000,15.827515400410677,1,0,1300.0,1284.367971625025
2025-02-27,Trondheim,Norway,L,5,Mass Start,1,World Championship,34,Tereza Koldovska,Czechia,89,2025,13,2004-10-19T00:00:00.000000,20.358658453114305,29,0,1242.1011960075305,1228.610524260223
2025-02-27,Trondheim,Norway,L,5,Mass Start,1,World Championship,35,Jolana Hradilova,Czechia,87,2025,13,2004-06-29T00:00:00.000000,20.6652977412731,7,0,1285.7521398494227,1268.7187319759491
2025-02-27,Trondheim,Norway,L,5,Mass Start,1,World Championship,36,Ella Wilson,USA,236,2025,13,2008-03-04T00:00:00.000000,16.985626283367555,1,0,1300.0,1281.054928146764
2025-05-01,Summer,Break,L,0,Offseason,0,Offseason,0,Minja Korhonen,Finland,200,2025,0,2007-05-19T00:00:00.000000,17.779603011635867,27,0,1309.9237926240385,1308.4352237304327
2025-05-01,Summer,Break,L,0,Offseason,0,Offseason,0,Annalena Slamik,Austria,41,2025,0,2003-03-23T00:00:00.000000,21.935660506502394,41,0,1309.2902535562578,1307.896715522819
2025-05-01,Summer,Break,L,0,Offseason,0,Offseason,0,Cindy Haasch,Germany,78,2025,0,2004-08-19T00:00:00.000000,20.470910335386723,27,0,1317.4465090461756,1314.8295326892492
2025-05-01,Summer,Break,L,0,Offseason,0,Offseason,0,Ronja Loh,Germany,171,2025,0,2005-04-21T00:00:00.000000,19.78097193702943,13,0,1300.5016938037027,1300.4264397331472
2025-05-01,Summer,Break,L,0,Offseason,0,Offseason,0,Tereza Koldovska,Czechia,89,2025,0,2004-10-19T00:00:00.000000,20.358658453114305,29,0,1228.610524260223,1239.3189456211894
2025-05-01,Summer,Break,L,0,Offseason,0,Offseason,0,Marion Droz Vincent,France,229,2025,0,2008-01-08T00:00:00.000000,17.138945927446954,4,0,1277.8117512613596,1281.1399885721557
2025-05-01,Summer,Break,L,0,Offseason,0,Offseason,0,Petra Torvinen,Finland,247,2025,0,1994-11-25T00:00:00.000000,30.203969883641342,1,0,1288.0745615744875,1289.8633773383144
2025-05-01,Summer,Break,L,0,Offseason,0,Offseason,0,Claudia Purker,Austria,177,2025,0,1999-01-15T00:00:00.000000,26.119096509240247,36,0,1289.1131634608582,1290.7461889417295
2025-05-01,Summer,Break,L,0,Offseason,0,Offseason,0,Maria Gerboth,Germany,66,2025,0,2002-06-19T00:00:00.000000,22.694045174537987,49,0,1315.584366720693,1313.246711712589
2025-05-01,Summer,Break,L,0,Offseason,0,Offseason,0,Anna Kerko,Finland,211,2025,0,2007-08-25T00:00:00.000000,17.322381930184804,2,0,1287.9608355015966,1289.766710176357
2025-05-01,Summer,Break,L,0,Offseason,0,Offseason,0,Tia Malovrh,Slovenia,221,2025,0,2008-07-16T00:00:00.000000,16.618754277891856,4,0,1303.141884668503,1302.6706019682276
2025-05-01,Summer,Break,L,0,Offseason,0,Offseason,0,Nora Helene Evans,Norway,231,2025,0,2008-09-11T00:00:00.000000,16.38877481177276,4,0,1288.3007771925477,1290.0556606136654
2025-05-01,Summer,Break,L,0,Offseason,0,Offseason,0,Heta Hirvonen,Finland,218,2025,0,2008-10-16T00:00:00.000000,16.366872005475702,15,0,1293.449518773573,1294.432090957537
2025-05-01,Summer,Break,L,0,Offseason,0,Offseason,0,Mille Marie Hagen,Norway,180,2025,0,2002-12-13T00:00:00.000000,22.154688569472963,22,0,1286.2105438756805,1288.2789622943285
2025-05-01,Summer,Break,L,0,Offseason,0,Offseason,0,Anna-Sophie Gredler,Austria,223,2025,0,2008-01-21T00:00:00.000000,17.029431895961668,3,0,1286.3980419431653,1288.4383356516905
2025-05-01,Summer,Break,L,0,Offseason,0,Offseason,0,Jonna Kil,Poland,68,2025,0,2000-07-09T00:00:00.000000,24.637919233401778,27,0,1250.9481510778871,1258.305928416204
2025-05-01,Summer,Break,L,0,Offseason,0,Offseason,0,Teja Pavec,Slovenia,209,2025,0,2007-04-15T00:00:00.000000,17.872689938398356,13,0,1299.2729471138932,1299.3820050468091
2025-05-01,Summer,Break,L,0,Offseason,0,Offseason,0,Ida Marie Hagen,Norway,60,2025,0,2000-08-18T00:00:00.000000,24.528405201916495,45,0,1383.1121220497928,1370.645303742324
2025-05-01,Summer,Break,L,0,Offseason,0,Offseason,0,Anna Senoner,Italy,208,2025,0,2007-11-14T00:00:00.000000,17.28952772073922,3,0,1285.4723194511118,1287.6514715334451
2025-05-01,Summer,Break,L,0,Offseason,0,Offseason,0,Annika Malacinski,USA,61,2025,0,2001-05-09T00:00:00.000000,23.80561259411362,47,0,1280.5108033844851,1283.4341828768124
2025-05-01,Summer,Break,L,0,Offseason,0,Offseason,0,Nathalie Armbruster,Germany,168,2025,0,2006-01-02T00:00:00.000000,19.15400410677618,41,0,1370.3701302990692,1359.8146107542088
2025-05-01,Summer,Break,L,0,Offseason,0,Offseason,0,Yuna Kasai,Japan,161,2025,0,2004-02-04T00:00:00.000000,21.065023956194388,47,0,1360.8128333161699,1351.6909083187443
2025-05-01,Summer,Break,L,0,Offseason,0,Offseason,0,Trine Göpfert,Germany,107,2025,0,2005-06-19T00:00:00.000000,19.693360711841205,4,0,1302.037536842416,1301.7319063160537
2025-05-01,Summer,Break,L,0,Offseason,0,Offseason,0,Ella Wilson,USA,236,2025,0,2008-03-04T00:00:00.000000,16.985626283367555,1,0,1281.054928146764,1283.8966889247495
2025-05-01,Summer,Break,L,0,Offseason,0,Offseason,0,Yuzuki Kainuma,Japan,239,2025,0,2007-07-22T00:00:00.000000,17.60438056125941,9,0,1305.6234724971523,1304.7799516225793
2025-05-01,Summer,Break,L,0,Offseason,0,Offseason,0,Svenja Wuerth,Germany,165,2025,0,1993-08-20T00:00:00.000000,31.449691991786448,30,0,1307.911863137705,1306.7250836670491
2025-05-01,Summer,Break,L,0,Offseason,0,Offseason,0,Léna Brocard,France,53,2025,0,2000-05-19T00:00:00.000000,24.777549623545518,48,0,1339.1786935431464,1333.3018895116745
2025-05-01,Summer,Break,L,0,Offseason,0,Offseason,0,Alexa Brabec,USA,81,2025,0,2004-10-08T00:00:00.000000,20.38877481177276,30,0,1305.3138525450718,1304.516774663311
2025-05-01,Summer,Break,L,0,Offseason,0,Offseason,0,Karina Kozlova,Ukraine,246,2025,0,2009-05-01T00:00:00.000000,15.827515400410677,1,0,1284.367971625025,1286.7127758812712
2025-05-01,Summer,Break,L,0,Offseason,0,Offseason,0,Hanna Midtsundstad,Norway,3,2025,0,1999-09-22T00:00:00.000000,25.37987679671458,21,0,1253.2062408463555,1260.2253047194022
2025-05-01,Summer,Break,L,0,Offseason,0,Offseason,0,Jenny Nowak,Germany,25,2025,0,2002-08-20T00:00:00.000000,22.524298425735797,46,0,1349.027392900353,1341.6732839653
2025-05-01,Summer,Break,L,0,Offseason,0,Offseason,0,Veronica Gianmoena,Italy,29,2025,0,1995-10-25T00:00:00.000000,29.34428473648186,40,0,1283.3034091757568,1285.8078977993932
2025-05-01,Summer,Break,L,0,Offseason,0,Offseason,0,Romane Baud,France,206,2025,0,2006-09-23T00:00:00.000000,18.357289527720738,2,0,1291.6138206708085,1292.8717475701872
2025-05-01,Summer,Break,L,0,Offseason,0,Offseason,0,Sana Azegami,Japan,162,2025,0,2001-11-04T00:00:00.000000,23.315537303216974,33,0,1253.2638056777037,1260.274234826048
2025-05-01,Summer,Break,L,0,Offseason,0,Offseason,0,Katharina Gruber,Austria,219,2025,0,2008-08-26T00:00:00.000000,16.50650239561944,6,0,1286.8578289420336,1288.8291546007285
2025-05-01,Summer,Break,L,0,Offseason,0,Offseason,0,Sophia Maurus,Germany,23,2025,0,2001-11-30T00:00:00.000000,23.189596167008897,20,0,1270.2525588234005,1274.7146749998903
2025-05-01,Summer,Break,L,0,Offseason,0,Offseason,0,Silva Verbič,Slovenia,40,2025,0,2002-03-31T00:00:00.000000,22.72416153319644,32,0,1254.4532225366904,1261.285239156187
2025-05-01,Summer,Break,L,0,Offseason,0,Offseason,0,Ema Volavsek,Slovenia,49,2025,0,2002-12-15T00:00:00.000000,22.203969883641342,31,0,1338.4622795233831,1332.6929375948757
2025-05-01,Summer,Break,L,0,Offseason,0,Offseason,0,Jolana Hradilova,Czechia,87,2025,0,2004-06-29T00:00:00.000000,20.6652977412731,7,0,1268.7187319759491,1273.4109221795568
2025-05-01,Summer,Break,L,0,Offseason,0,Offseason,0,Ingrid Låte,Norway,201,2025,0,2007-07-23T00:00:00.000000,17.60164271047228,5,0,1317.5455239806636,1314.9136953835641
2025-05-01,Summer,Break,L,0,Offseason,0,Offseason,0,Gyda Westvold Hansen,Norway,4,2025,0,2002-04-20T00:00:00.000000,22.858316221765914,44,0,1403.9650097197948,1388.3702582618255
2025-05-01,Summer,Break,L,0,Offseason,0,Offseason,0,Marte Leinan Lund,Norway,7,2025,0,2001-04-01T00:00:00.000000,23.90965092402464,40,0,1344.9427370151013,1338.201326462836
2025-05-01,Summer,Break,L,0,Offseason,0,Offseason,0,Masa Likozar Brankovic,Slovenia,243,2025,0,2009-04-13T00:00:00.000000,15.876796714579056,1,0,1295.4114498858944,1296.0997324030102
2025-05-01,Summer,Break,L,0,Offseason,0,Offseason,0,Daniela Dejori,Italy,37,2025,0,2002-08-01T00:00:00.000000,22.576317590691307,37,0,1264.4107916063945,1269.7491728654352
2025-05-01,Summer,Break,L,0,Offseason,0,Offseason,0,Haruka Kasai,Japan,88,2025,0,2004-02-04T00:00:00.000000,21.065023956194388,41,0,1371.1343821550963,1360.4642248318319
2025-05-01,Summer,Break,L,0,Offseason,0,Offseason,0,Kai McKinnon,USA,237,2025,0,2008-05-06T00:00:00.000000,16.813141683778234,1,0,1286.5766672771988,1288.5901671856188
2025-05-01,Summer,Break,L,0,Offseason,0,Offseason,0,Greta Pinzani,Italy,96,2025,0,2005-02-14T00:00:00.000000,20.035592060232716,13,0,1280.4914288707232,1283.4177145401147
2025-05-01,Summer,Break,L,0,Offseason,0,Offseason,0,Lisa Hirner,Austria,52,2025,0,2003-10-03T00:00:00.000000,21.404517453798768,37,0,1324.6762117366802,1320.974779976178
2025-12-06,Trondheim,Norway,L,5,Mass Start,1,World Cup,1,Katharina Gruber,Austria,219,2026,2,2008-08-26T00:00:00.000000,17.27857631759069,2,0,1288.8291546007285,1305.4740396909883
2025-12-06,Trondheim,Norway,L,5,Mass Start,1,World Cup,2,Ida Marie Hagen,Norway,60,2026,2,2000-08-18T00:00:00.000000,25.300479123887747,2,0,1370.645303742324,1382.4672436878316
2025-12-06,Trondheim,Norway,L,5,Mass Start,1,World Cup,3,Nathalie Armbruster,Germany,168,2026,2,2006-01-02T00:00:00.000000,19.926078028747433,2,0,1359.8146107542088,1371.1318401335361
2025-12-06,Trondheim,Norway,L,5,Mass Start,1,World Cup,4,Alexa Brabec,USA,81,2026,2,2004-10-08T00:00:00.000000,21.16084873374401,2,0,1304.516774663311,1317.4211906548535
2025-12-06,Trondheim,Norway,L,5,Mass Start,1,World Cup,5,Minja Korhonen,Finland,200,2026,2,2007-05-19T00:00:00.000000,18.55167693360712,2,0,1308.4352237304327,1320.154633195762
2025-12-06,Trondheim,Norway,L,5,Mass Start,1,World Cup,6,Yuna Kasai,Japan,161,2026,2,2004-02-04T00:00:00.000000,21.83709787816564,2,0,1351.6909083187443,1360.3829650944003
2025-12-06,Trondheim,Norway,L,5,Mass Start,1,World Cup,7,Heta Hirvonen,Finland,218,2026,2,2008-10-16T00:00:00.000000,17.138945927446954,2,0,1294.432090957537,1304.812652543831
2025-12-06,Trondheim,Norway,L,5,Mass Start,1,World Cup,8,Ingrid Låte,Norway,201,2026,2,2007-07-23T00:00:00.000000,18.373716632443532,2,0,1314.9136953835641,1323.3274080148733
2025-12-06,Trondheim,Norway,L,5,Mass Start,1,World Cup,9,Yuzuki Kainuma,Japan,239,2026,2,2007-07-22T00:00:00.000000,18.376454483230663,2,0,1304.7799516225793,1312.6719406079383
2025-12-06,Trondheim,Norway,L,5,Mass Start,1,World Cup,10,Jenny Nowak,Germany,25,2026,2,2002-08-20T00:00:00.000000,23.29637234770705,2,0,1341.6732839653,1346.830869171035
2025-12-06,Trondheim,Norway,L,5,Mass Start,1,World Cup,11,Marte Leinan Lund,Norway,7,2026,2,2001-04-01T00:00:00.000000,24.68172484599589,2,0,1338.201326462836,1342.5209900733544
2025-12-06,Trondheim,Norway,L,5,Mass Start,1,World Cup,12,Lisa-Marie Hirner,Austria,52,2026,2,2003-10-03T00:00:00.000000,22.17659137577002,2,0,1320.974779976178,1325.1028528116865
2025-12-06,Trondheim,Norway,L,5,Mass Start,1,World Cup,13,Trine Göpfert,Germany,107,2026,2,2005-06-19T00:00:00.000000,20.465434633812457,2,0,1301.7319063160537,1305.7678258426959
2025-12-06,Trondheim,Norway,L,5,Mass Start,1,World Cup,14,Annika Malacinski,USA,61,2026,2,2001-05-09T00:00:00.000000,24.577686516084874,2,0,1283.4341828768124,1287.3332738054385
2025-12-06,Trondheim,Norway,L,5,Mass Start,1,World Cup,15,Ronja Loh,Germany,171,2026,2,2005-04-21T00:00:00.000000,20.62696783025325,2,0,1300.4264397331472,1302.524004060841
2025-12-06,Trondheim,Norway,L,5,Mass Start,1,World Cup,16,Annalena Slamik,Austria,41,2026,2,2003-03-23T00:00:00.000000,22.707734428473646,2,0,1307.896715522819,1308.6415470277823
2025-12-06,Trondheim,Norway,L,5,Mass Start,1,World Cup,17,Léna Brocard,France,53,2026,2,2000-05-19T00:00:00.000000,25.54962354551677,2,0,1333.3018895116745,1331.8508194795927
2025-12-06,Trondheim,Norway,L,5,Mass Start,1,World Cup,18,Tara Geraghty-Moats,USA,58,2026,2,1993-04-12T00:00:00.000000,32.65160848733744,2,0,1300.0,1299.117700562267
2025-12-06,Trondheim,Norway,L,5,Mass Start,1,World Cup,19,Mille Marie Hagen,Norway,180,2026,2,2002-12-13T00:00:00.000000,22.981519507186857,2,0,1288.2789622943285,1286.9497877838355
2025-12-06,Trondheim,Norway,L,5,Mass Start,1,World Cup,20,Masa Likozar Brankovic,Slovenia,243,2026,2,2009-04-13T00:00:00.000000,16.648870636550306,2,0,1296.0997324030102,1293.4015784387834
2025-12-06,Trondheim,Norway,L,5,Mass Start,1,World Cup,21,Teja Pavec,Slovenia,209,2026,2,2007-04-15T00:00:00.000000,18.64476386036961,2,0,1299.3820050468091,1295.5288863654248
2025-12-06,Trondheim,Norway,L,5,Mass Start,1,World Cup,22,Daniela Dejori,Italy,37,2026,2,2002-08-01T00:00:00.000000,23.34839151266256,2,0,1269.7491728654352,1266.2909211292972
2025-12-06,Trondheim,Norway,L,5,Mass Start,1,World Cup,23,Veronica Gianmoena,Italy,29,2026,2,1995-10-25T00:00:00.000000,30.116358658453112,2,0,1285.8078977993932,1280.595186536369
2025-12-06,Trondheim,Norway,L,5,Mass Start,1,World Cup,24,Marion Droz Vincent,France,229,2026,2,2008-01-08T00:00:00.000000,17.911019849418206,2,0,1281.1399885721557,1275.1470586810658
2025-12-06,Trondheim,Norway,L,5,Mass Start,1,World Cup,25,Jonna Kil,Poland,68,2026,2,2000-07-09T00:00:00.000000,25.40999315537303,2,0,1258.305928416204,1252.3815749082876
2025-12-06,Trondheim,Norway,L,5,Mass Start,1,World Cup,26,Anna-Sophie Gredler,Austria,223,2026,2,2008-01-21T00:00:00.000000,17.87542778918549,2,0,1288.4383356516905,1280.101647356918
2025-12-06,Trondheim,Norway,L,5,Mass Start,1,World Cup,27,Romane Baud,France,206,2026,2,2006-09-23T00:00:00.000000,19.203285420944557,2,0,1292.8717475701872,1283.325944759943
2025-12-06,Trondheim,Norway,L,5,Mass Start,1,World Cup,28,Greta Pinzani,Italy,96,2026,2,2005-02-14T00:00:00.000000,20.807665982203968,2,0,1283.4177145401147,1273.3175808551177
2025-12-06,Trondheim,Norway,L,5,Mass Start,1,World Cup,29,Nora Helene Evans,Norway,231,2026,2,2008-09-11T00:00:00.000000,17.234770704996578,2,0,1290.0556606136654,1278.64270741157
2025-12-06,Trondheim,Norway,L,5,Mass Start,1,World Cup,30,Claudia Purker,Austria,177,2026,2,1999-01-15T00:00:00.000000,26.8911704312115,2,0,1290.7461889417295,1278.300666175115
2025-12-06,Trondheim,Norway,L,5,Mass Start,1,World Cup,31,Jolana Hradilova,Czechia,87,2026,2,2004-06-29T00:00:00.000000,21.437371663244353,2,0,1273.4109221795568,1260.7810880852433
2025-12-06,Trondheim,Norway,L,5,Mass Start,1,World Cup,32,Hanna Midtsundstad,Norway,3,2026,2,1999-09-22T00:00:00.000000,26.206707734428473,2,0,1260.2253047194022,1247.2116742439875
2025-12-06,Trondheim,Norway,L,5,Mass Start,1,World Cup,33,Ingrid Græsli,Norway,248,2026,2,2009-09-04T00:00:00.000000,16.254620123203285,2,0,1300.0,1284.117700562267
2025-12-19,Ramsau,Austria,L,5,Mass Start,1,World Cup,1,Ida Marie Hagen,Norway,60,2026,3,2000-08-18T00:00:00.000000,25.336071184120463,3,0,1382.4672436878316,1393.754613773797
2025-12-19,Ramsau,Austria,L,5,Mass Start,1,World Cup,2,Alexa Brabec,USA,81,2026,3,2004-10-08T00:00:00.000000,21.196440793976727,3,0,1317.4211906548535,1330.441829048835
2025-12-19,Ramsau,Austria,L,5,Mass Start,1,World Cup,3,Minja Korhonen,Finland,200,2026,3,2007-05-19T00:00:00.000000,18.587268993839835,3,0,1320.154633195762,1332.0584563230977
2025-12-19,Ramsau,Austria,L,5,Mass Start,1,World Cup,4,Katharina Gruber,Austria,219,2026,3,2008-08-26T00:00:00.000000,17.314168377823407,3,0,1305.4740396909883,1317.0057455576202
2025-12-19,Ramsau,Austria,L,5,Mass Start,1,World Cup,5,Yuna Kasai,Japan,161,2026,3,2004-02-04T00:00:00.000000,21.872689938398356,3,0,1360.3829650944003,1368.5832777989965
2025-12-19,Ramsau,Austria,L,5,Mass Start,1,World Cup,6,Marte Leinan Lund,Norway,7,2026,3,2001-04-01T00:00:00.000000,24.71731690622861,3,0,1342.5209900733544,1350.4729434069975
2025-12-19,Ramsau,Austria,L,5,Mass Start,1,World Cup,7,Jenny Nowak,Germany,25,2026,3,2002-08-20T00:00:00.000000,23.33196440793977,3,0,1346.830869171035,1353.6005956656084
2025-12-19,Ramsau,Austria,L,5,Mass Start,1,World Cup,8,Lisa-Marie Hirner,Austria,52,2026,3,2003-10-03T00:00:00.000000,22.21218343600274,3,0,1325.1028528116865,1331.7954045082024
2025-12-19,Ramsau,Austria,L,5,Mass Start,1,World Cup,9,Heta Hirvonen,Finland,218,2026,3,2008-10-16T00:00:00.000000,17.17453798767967,3,0,1304.812652543831,1311.3726598245732
2025-12-19,Ramsau,Austria,L,5,Mass Start,1,World Cup,10,Yuzuki Kainuma,Japan,239,2026,3,2007-07-22T00:00:00.000000,18.41204654346338,3,0,1312.6719406079383,1317.8956714537323
2025-12-19,Ramsau,Austria,L,5,Mass Start,1,World Cup,11,Annika Malacinski,USA,61,2026,3,2001-05-09T00:00:00.000000,24.61327857631759,3,0,1287.3332738054385,1292.6404873228996
2025-12-19,Ramsau,Austria,L,5,Mass Start,1,World Cup,12,Léna Brocard,France,53,2026,3,2000-05-19T00:00:00.000000,25.585215605749486,3,0,1331.8508194795927,1333.755788708505
2025-12-19,Ramsau,Austria,L,5,Mass Start,1,World Cup,12,Nathalie Armbruster,Germany,168,2026,3,2006-01-02T00:00:00.000000,19.96167008898015,3,0,1371.1318401335361,1371.3851841650924
2025-12-19,Ramsau,Austria,L,5,Mass Start,1,World Cup,14,Claudia Purker,Austria,177,2026,3,1999-01-15T00:00:00.000000,26.926762491444215,3,0,1278.300666175115,1280.9926904006568
2025-12-19,Ramsau,Austria,L,5,Mass Start,1,World Cup,15,Ema Volavsek,Slovenia,49,2026,3,2002-12-15T00:00:00.000000,23.01163586584531,1,0,1332.6929375948757,1332.0620698817645
2025-12-19,Ramsau,Austria,L,5,Mass Start,1,World Cup,16,Ingrid Låte,Norway,201,2026,3,2007-07-23T00:00:00.000000,18.409308692676248,3,0,1323.3274080148733,1322.095732413924
2025-12-19,Ramsau,Austria,L,5,Mass Start,1,World Cup,17,Ronja Loh,Germany,171,2026,3,2005-04-21T00:00:00.000000,20.66255989048597,3,0,1302.524004060841,1301.1819406227416
2025-12-19,Ramsau,Austria,L,5,Mass Start,1,World Cup,18,Teja Pavec,Slovenia,209,2026,3,2007-04-15T00:00:00.000000,18.680355920602327,3,0,1295.5288863654248,1293.4860226412818
2025-12-19,Ramsau,Austria,L,5,Mass Start,1,World Cup,19,Anna Kerko,Finland,211,2026,3,2007-08-25T00:00:00.000000,18.31895961670089,1,0,1289.766710176357,1286.9700524798577
2025-12-19,Ramsau,Austria,L,5,Mass Start,1,World Cup,20,Trine Göpfert,Germany,107,2026,3,2005-06-19T00:00:00.000000,20.501026694045173,3,0,1305.7678258426959,1301.2869602350675
2025-12-19,Ramsau,Austria,L,5,Mass Start,1,World Cup,21,Mille Marie Hagen,Norway,180,2026,3,2002-12-13T00:00:00.000000,23.017111567419576,3,0,1286.9497877838355,1282.2733636784012
2025-12-19,Ramsau,Austria,L,5,Mass Start,1,World Cup,22,Daniela Dejori,Italy,37,2026,3,2002-08-01T00:00:00.000000,23.38398357289528,3,0,1266.2909211292972,1261.4921004601542
2025-12-19,Ramsau,Austria,L,5,Mass Start,1,World Cup,23,Veronica Gianmoena,Italy,29,2026,3,1995-10-25T00:00:00.000000,30.151950718685832,3,0,1280.595186536369,1274.1895861434302
2025-12-19,Ramsau,Austria,L,5,Mass Start,1,World Cup,24,Annalena Slamik,Austria,41,2026,3,2003-03-23T00:00:00.000000,22.743326488706366,3,0,1308.6415470277823,1300.0377129805026
2025-12-19,Ramsau,Austria,L,5,Mass Start,1,World Cup,25,Hanna Midtsundstad,Norway,3,2026,3,1999-09-22T00:00:00.000000,26.24229979466119,3,0,1247.2116742439875,1240.2132572161267
2025-12-19,Ramsau,Austria,L,5,Mass Start,1,World Cup,26,Romane Baud,France,206,2026,3,2006-09-23T00:00:00.000000,19.238877481177276,3,0,1283.325944759943,1273.8040398674198
2025-12-19,Ramsau,Austria,L,5,Mass Start,1,World Cup,27,Nora Helene Evans,Norway,231,2026,3,2008-09-11T00:00:00.000000,17.270362765229294,3,0,1278.64270741157,1268.3201850189962
2025-12-19,Ramsau,Austria,L,5,Mass Start,1,World Cup,28,Jonna Kil,Poland,68,2026,3,2000-07-09T00:00:00.000000,25.44558521560575,3,0,1252.3815749082876,1242.1674995994463
2025-12-19,Ramsau,Austria,L,5,Mass Start,1,World Cup,29,Karina Kozlova,Ukraine,246,2026,3,2009-05-01T00:00:00.000000,16.635181382614647,1,0,1286.7127758812712,1274.0464635071971
2025-12-19,Ramsau,Austria,L,5,Mass Start,1,World Cup,30,Jolana Hradilova,Czechia,87,2026,3,2004-06-29T00:00:00.000000,21.47296372347707,3,0,1260.7810880852433,1248.2146222430924
2026-01-09,Otepää,Estonia,L,5,Mass Start,1,World Cup,1,Ida Marie Hagen,Norway,60,2026,5,2000-08-18T00:00:00.000000,25.39356605065024,5,0,1393.754613773797,1405.694164192794
2026-01-09,Otepää,Estonia,L,5,Mass Start,1,World Cup,2,Minja Korhonen,Finland,200,2026,5,2007-05-19T00:00:00.000000,18.64476386036961,5,0,1332.0584563230977,1345.8140803577037
2026-01-09,Otepää,Estonia,L,5,Mass Start,1,World Cup,3,Nathalie Armbruster,Germany,168,2026,5,2006-01-02T00:00:00.000000,20.019164955509925,5,0,1371.3851841650924,1382.326617474619
2026-01-09,Otepää,Estonia,L,5,Mass Start,1,World Cup,4,Alexa Brabec,USA,81,2026,5,2004-10-08T00:00:00.000000,21.253935660506503,5,0,1330.441829048835,1342.272990000845
2026-01-09,Otepää,Estonia,L,5,Mass Start,1,World Cup,5,Ingrid Låte,Norway,201,2026,5,2007-07-23T00:00:00.000000,18.466803559206024,5,0,1322.095732413924,1333.3175753559321
2026-01-09,Otepää,Estonia,L,5,Mass Start,1,World Cup,6,Yuna Kasai,Japan,161,2026,5,2004-02-04T00:00:00.000000,21.930184804928132,5,0,1368.5832777989965,1376.652024429469
2026-01-09,Otepää,Estonia,L,5,Mass Start,1,World Cup,7,Marte Leinan Lund,Norway,7,2026,5,2001-04-01T00:00:00.000000,24.774811772758383,5,0,1350.4729434069975,1358.3725827408475
2026-01-09,Otepää,Estonia,L,5,Mass Start,1,World Cup,8,Jenny Nowak,Germany,25,2026,5,2002-08-20T00:00:00.000000,23.38945927446954,5,0,1353.6005956656084,1360.3558455744344
2026-01-09,Otepää,Estonia,L,5,Mass Start,1,World Cup,9,Lisa-Marie Hirner,Austria,52,2026,5,2003-10-03T00:00:00.000000,22.269678302532512,5,0,1331.7954045082024,1338.5633161714418
2026-01-09,Otepää,Estonia,L,5,Mass Start,1,World Cup,10,Katharina Gruber,Austria,219,2026,5,2008-08-26T00:00:00.000000,17.371663244353183,5,0,1317.0057455576202,1323.4663083744247
2026-01-09,Otepää,Estonia,L,5,Mass Start,1,World Cup,11,Yuzuki Kainuma,Japan,239,2026,5,2007-07-22T00:00:00.000000,18.469541409993155,5,0,1317.8956714537323,1323.314477702681
2026-01-09,Otepää,Estonia,L,5,Mass Start,1,World Cup,12,Trine Göpfert,Germany,107,2026,5,2005-06-19T00:00:00.000000,20.55852156057495,5,0,1301.2869602350675,1306.4857267062434
2026-01-09,Otepää,Estonia,L,5,Mass Start,1,World Cup,13,Claudia Purker,Austria,177,2026,5,1999-01-15T00:00:00.000000,26.98425735797399,4,0,1280.9926904006568,1286.1429946870167
2026-01-09,Otepää,Estonia,L,5,Mass Start,1,World Cup,14,Teja Pavec,Slovenia,209,2026,5,2007-04-15T00:00:00.000000,18.7378507871321,5,0,1293.4860226412818,1297.05104495799
2026-01-09,Otepää,Estonia,L,5,Mass Start,1,World Cup,15,Tia Malovrh,Slovenia,221,2026,5,2008-07-16T00:00:00.000000,17.4839151266256,2,0,1302.6706019682276,1304.8043762924822
2026-01-09,Otepää,Estonia,L,5,Mass Start,1,World Cup,16,Ema Volavsek,Slovenia,49,2026,5,2002-12-15T00:00:00.000000,23.069130732375086,3,0,1332.0620698817645,1331.8175251300531
2026-01-09,Otepää,Estonia,L,5,Mass Start,1,World Cup,17,Ronja Loh,Germany,171,2026,5,2005-04-21T00:00:00.000000,20.720054757015742,5,0,1301.1819406227416,1301.3856398382543
2026-01-09,Otepää,Estonia,L,5,Mass Start,1,World Cup,18,Annika Malacinski,USA,61,2026,5,2001-05-09T00:00:00.000000,24.670773442847363,5,0,1292.6404873228996,1292.2451813611697
2026-01-09,Otepää,Estonia,L,5,Mass Start,1,World Cup,19,Mille Marie Hagen,Norway,180,2026,5,2002-12-13T00:00:00.000000,23.07460643394935,5,0,1282.2733636784012,1281.363778229815
2026-01-09,Otepää,Estonia,L,5,Mass Start,1,World Cup,20,Léna Brocard,France,53,2026,5,2000-05-19T00:00:00.000000,25.642710472279262,5,0,1333.755788708505,1329.432161029928
2026-01-09,Otepää,Estonia,L,5,Mass Start,1,World Cup,21,Daniela Dejori,Italy,37,2026,5,2002-08-01T00:00:00.000000,23.44147843942505,5,0,1261.4921004601542,1259.5497316999176
2026-01-09,Otepää,Estonia,L,5,Mass Start,1,World Cup,22,Tara Geraghty-Moats,USA,58,2026,5,1993-04-12T00:00:00.000000,32.74469541409993,3,0,1299.117700562267,1294.4183484161383
2026-01-09,Otepää,Estonia,L,5,Mass Start,1,World Cup,23,Jonna Kil,Poland,68,2026,5,2000-07-09T00:00:00.000000,25.503080082135522,5,0,1242.1674995994463,1239.1121466291781
2026-01-09,Otepää,Estonia,L,5,Mass Start,1,World Cup,24,Anna Kerko,Finland,211,2026,5,2007-08-25T00:00:00.000000,18.376454483230663,2,0,1286.9700524798577,1280.840598628364
2026-01-09,Otepää,Estonia,L,5,Mass Start,1,World Cup,25,Annalena Slamik,Austria,41,2026,5,2003-03-23T00:00:00.000000,22.80082135523614,5,0,1300.0377129805026,1292.2951538265895
2026-01-09,Otepää,Estonia,L,5,Mass Start,1,World Cup,26,Veronica Gianmoena,Italy,29,2026,5,1995-10-25T00:00:00.000000,30.209445585215605,5,0,1274.1895861434302,1266.6574929182505
2026-01-09,Otepää,Estonia,L,5,Mass Start,1,World Cup,27,Nora Helene Evans,Norway,231,2026,5,2008-09-11T00:00:00.000000,17.32785763175907,5,0,1268.3201850189962,1260.0612476240428
2026-01-09,Otepää,Estonia,L,5,Mass Start,1,World Cup,28,Sofia Eggensberger,Germany,213,2026,5,2007-08-24T00:00:00.000000,18.379192334017795,1,0,1300.0,1289.2592120508398
2026-01-09,Otepää,Estonia,L,5,Mass Start,1,World Cup,29,Maja Loh,Germany,215,2026,5,2007-04-18T00:00:00.000000,18.729637234770706,1,0,1300.0,1288.2592120508398
2026-01-09,Otepää,Estonia,L,5,Mass Start,1,World Cup,30,Hanna Midtsundstad,Norway,3,2026,5,1999-09-22T00:00:00.000000,26.299794661190965,5,0,1240.2132572161267,1230.246736824837
2026-01-09,Otepää,Estonia,L,5,Mass Start,1,World Cup,31,Anna-Sophie Gredler,Austria,223,2026,5,2008-01-21T00:00:00.000000,17.96851471594798,3,0,1280.101647356918,1267.2936030283797
2026-01-09,Otepää,Estonia,L,5,Mass Start,1,World Cup,32,Jolana Hradilova,Czechia,87,2026,5,2004-06-29T00:00:00.000000,21.530458590006845,5,0,1248.2146222430924,1235.8833060647921
2026-01-09,Otepää,Estonia,L,5,Mass Start,1,World Cup,33,Greta Pinzani,Italy,96,2026,5,2005-02-14T00:00:00.000000,20.90075290896646,4,0,1273.3175808551177,1258.8261241210446
2026-01-30,Seefeld,Austria,L,5,Mass Start,1,World Cup,1,Alexa Brabec,USA,81,2026,10,2004-10-08T00:00:00.000000,21.311430527036276,10,0,1342.272990000845,1355.5926933047715
2026-01-30,Seefeld,Austria,L,5,Mass Start,1,World Cup,2,Ema Volavsek,Slovenia,49,2026,10,2002-12-15T00:00:00.000000,23.12662559890486,8,0,1331.8175251300531,1344.5920173807087
2026-01-30,Seefeld,Austria,L,5,Mass Start,1,World Cup,3,Ida Marie Hagen,Norway,60,2026,10,2000-08-18T00:00:00.000000,25.451060917180012,10,0,1405.694164192794,1414.3428393282124
2026-01-30,Seefeld,Austria,L,5,Mass Start,1,World Cup,4,Nathalie Armbruster,Germany,168,2026,10,2006-01-02T00:00:00.000000,20.076659822039698,9,0,1382.326617474619,1390.9371167190332
2026-01-30,Seefeld,Austria,L,5,Mass Start,1,World Cup,5,Yuna Kasai,Japan,161,2026,10,2004-02-04T00:00:00.000000,21.987679671457904,10,0,1376.652024429469,1384.500573143746
2026-01-30,Seefeld,Austria,L,5,Mass Start,1,World Cup,6,Annika Malacinski,USA,61,2026,10,2001-05-09T00:00:00.000000,24.72826830937714,10,0,1292.2451813611697,1302.2535705738621
2026-01-30,Seefeld,Austria,L,5,Mass Start,1,World Cup,6,Yuzuki Kainuma,Japan,239,2026,10,2007-07-22T00:00:00.000000,18.527036276522928,10,0,1323.314477702681,1331.9604285981463
2026-01-30,Seefeld,Austria,L,5,Mass Start,1,World Cup,8,Ingrid Låte,Norway,201,2026,10,2007-07-23T00:00:00.000000,18.524298425735797,9,0,1333.3175753559321,1340.0266707903397
2026-01-30,Seefeld,Austria,L,5,Mass Start,1,World Cup,9,Léna Brocard,France,53,2026,10,2000-05-19T00:00:00.000000,25.700205338809035,9,0,1329.432161029928,1335.3107354177585
2026-01-30,Seefeld,Austria,L,5,Mass Start,1,World Cup,10,Katharina Gruber,Austria,219,2026,10,2008-08-26T00:00:00.000000,17.429158110882955,10,0,1323.4663083744247,1328.6056166338947
2026-01-30,Seefeld,Austria,L,5,Mass Start,1,World Cup,11,Tara Geraghty-Moats,USA,58,2026,10,1993-04-12T00:00:00.000000,32.8021902806297,8,0,1294.4183484161383,1299.8314470384837
2026-01-30,Seefeld,Austria,L,5,Mass Start,1,World Cup,12,Marte Leinan Lund,Norway,7,2026,10,2001-04-01T00:00:00.000000,24.83230663928816,10,0,1358.3725827408475,1359.9978825324245
2026-01-30,Seefeld,Austria,L,5,Mass Start,1,World Cup,13,Minja Korhonen,Finland,200,2026,10,2007-05-19T00:00:00.000000,18.702258726899384,10,0,1345.8140803577037,1346.9803692754683
2026-01-30,Seefeld,Austria,L,5,Mass Start,1,World Cup,14,Jenny Nowak,Germany,25,2026,10,2002-08-20T00:00:00.000000,23.446954140999313,10,0,1360.3558455744344,1359.8962088761082
2026-01-30,Seefeld,Austria,L,5,Mass Start,1,World Cup,15,Heta Hirvonen,Finland,218,2026,10,2008-10-16T00:00:00.000000,17.28952772073922,5,0,1311.3726598245732,1312.0418549307144
2026-01-30,Seefeld,Austria,L,5,Mass Start,1,World Cup,16,Claudia Purker,Austria,177,2026,10,1999-01-15T00:00:00.000000,27.041752224503764,9,0,1286.1429946870167,1286.918735728022
2026-01-30,Seefeld,Austria,L,5,Mass Start,1,World Cup,17,Ronja Loh,Germany,171,2026,10,2005-04-21T00:00:00.000000,20.777549623545518,10,0,1301.3856398382543,1300.493064317453
2026-01-30,Seefeld,Austria,L,5,Mass Start,1,World Cup,18,Teja Pavec,Slovenia,209,2026,10,2007-04-15T00:00:00.000000,18.795345653661876,9,0,1297.05104495799,1295.3486636458204
2026-01-30,Seefeld,Austria,L,5,Mass Start,1,World Cup,19,Trine Göpfert,Germany,107,2026,10,2005-06-19T00:00:00.000000,20.61601642710472,10,0,1306.4857267062434,1303.3693357405211
2026-01-30,Seefeld,Austria,L,5,Mass Start,1,World Cup,20,Veronica Gianmoena,Italy,29,2026,10,1995-10-25T00:00:00.000000,30.26694045174538,10,0,1266.6574929182505,1264.2831780091822
2026-01-30,Seefeld,Austria,L,5,Mass Start,1,World Cup,21,Romane Baud,France,206,2026,10,2006-09-23T00:00:00.000000,19.353867214236825,7,0,1273.8040398674198,1270.1188475512479
2026-01-30,Seefeld,Austria,L,5,Mass Start,1,World Cup,22,Silva Verbič,Slovenia,40,2026,10,2002-03-31T00:00:00.000000,23.835728952772072,3,0,1261.285239156187,1257.143783917233
2026-01-30,Seefeld,Austria,L,5,Mass Start,1,World Cup,23,Mille Marie Hagen,Norway,180,2026,10,2002-12-13T00:00:00.000000,23.132101300479125,10,0,1281.363778229815,1275.3486028729717
2026-01-30,Seefeld,Austria,L,5,Mass Start,1,World Cup,24,Greta Pinzani,Italy,96,2026,10,2005-02-14T00:00:00.000000,20.958247775496236,9,0,1258.8261241210446,1252.790987909464
2026-01-30,Seefeld,Austria,L,5,Mass Start,1,World Cup,25,Jonna Kil,Poland,68,2026,10,2000-07-09T00:00:00.000000,25.560574948665298,10,0,1239.1121466291781,1232.9218895399563
2026-01-30,Seefeld,Austria,L,5,Mass Start,1,World Cup,26,Anna Kerko,Finland,211,2026,10,2007-08-25T00:00:00.000000,18.43394934976044,5,0,1280.840598628364,1271.848291682464
2026-01-30,Seefeld,Austria,L,5,Mass Start,1,World Cup,27,Hanna Midtsundstad,Norway,3,2026,10,1999-09-22T00:00:00.000000,26.357289527720738,10,0,1230.246736824837,1222.431284065696
2026-01-30,Seefeld,Austria,L,5,Mass Start,1,World Cup,28,Daniela Dejori,Italy,37,2026,10,2002-08-01T00:00:00.000000,23.498973305954824,10,0,1259.5497316999176,1249.483329201469
2026-01-30,Seefeld,Austria,L,5,Mass Start,1,World Cup,29,Annalena Slamik,Austria,41,2026,10,2003-03-23T00:00:00.000000,22.858316221765914,10,0,1292.2951538265895,1279.8013522005747
2026-01-30,Seefeld,Austria,L,5,Mass Start,1,World Cup,30,Tereza Koldovska,Czechia,89,2026,10,2004-10-19T00:00:00.000000,21.281314168377822,5,0,1239.3189456211894,1228.1199038542081
2026-01-30,Seefeld,Austria,L,5,Mass Start,1,World Cup,31,Jolana Hradilova,Czechia,87,2026,10,2004-06-29T00:00:00.000000,21.587953456536617,8,0,1235.8833060647921,1223.829966962746
2026-05-01,Summer,Break,L,0,Offseason,0,Offseason,0,Anna Kerko,Finland,211,2026,0,2007-08-25T00:00:00.000000,18.43394934976044,5,0,1271.848291682464,1276.0710479300942
2026-05-01,Summer,Break,L,0,Offseason,0,Offseason,0,Nora Helene Evans,Norway,231,2026,0,2008-09-11T00:00:00.000000,17.32785763175907,5,0,1260.0612476240428,1266.0520604804365
2026-05-01,Summer,Break,L,0,Offseason,0,Offseason,0,Ronja Loh,Germany,171,2026,0,2005-04-21T00:00:00.000000,20.777549623545518,10,0,1300.493064317453,1300.419104669835
2026-05-01,Summer,Break,L,0,Offseason,0,Offseason,0,Jonna Kil,Poland,68,2026,0,2000-07-09T00:00:00.000000,25.560574948665298,10,0,1232.9218895399563,1242.9836061089627
2026-05-01,Summer,Break,L,0,Offseason,0,Offseason,0,Karina Kozlova,Ukraine,246,2026,0,2009-05-01T00:00:00.000000,16.635181382614647,1,0,1274.0464635071971,1277.9394939811175
2026-05-01,Summer,Break,L,0,Offseason,0,Offseason,0,Annika Malacinski,USA,61,2026,0,2001-05-09T00:00:00.000000,24.72826830937714,10,0,1302.2535705738621,1301.9155349877828
2026-05-01,Summer,Break,L,0,Offseason,0,Offseason,0,Ema Volavsek,Slovenia,49,2026,0,2002-12-15T00:00:00.000000,23.12662559890486,8,0,1344.5920173807087,1337.9032147736025
2026-05-01,Summer,Break,L,0,Offseason,0,Offseason,0,Daniela Dejori,Italy,37,2026,0,2002-08-01T00:00:00.000000,23.498973305954824,10,0,1249.483329201469,1257.0608298212485
2026-05-01,Summer,Break,L,0,Offseason,0,Offseason,0,Masa Likozar Brankovic,Slovenia,243,2026,0,2009-04-13T00:00:00.000000,16.648870636550306,2,0,1293.4015784387834,1294.3913416729658
2026-05-01,Summer,Break,L,0,Offseason,0,Offseason,0,Sofia Eggensberger,Germany,213,2026,0,2007-08-24T00:00:00.000000,18.379192334017795,1,0,1289.2592120508398,1290.8703302432139
2026-05-01,Summer,Break,L,0,Offseason,0,Offseason,0,Nathalie Armbruster,Germany,168,2026,0,2006-01-02T00:00:00.000000,20.076659822039698,9,0,1390.9371167190332,1377.2965492111782
2026-05-01,Summer,Break,L,0,Offseason,0,Offseason,0,Ingrid Græsli,Norway,248,2026,0,2009-09-04T00:00:00.000000,16.254620123203285,2,0,1284.117700562267,1286.500045477927
2026-05-01,Summer,Break,L,0,Offseason,0,Offseason,0,Katharina Gruber,Austria,219,2026,0,2008-08-26T00:00:00.000000,17.429158110882955,10,0,1328.6056166338947,1324.3147741388104
2026-05-01,Summer,Break,L,0,Offseason,0,Offseason,0,Mille Marie Hagen,Norway,180,2026,0,2002-12-13T00:00:00.000000,23.132101300479125,10,0,1275.3486028729717,1279.046312442026
2026-05-01,Summer,Break,L,0,Offseason,0,Offseason,0,Silva Verbič,Slovenia,40,2026,0,2002-03-31T00:00:00.000000,23.835728952772072,3,0,1257.143783917233,1263.572216329648
2026-05-01,Summer,Break,L,0,Offseason,0,Offseason,0,Jenny Nowak,Germany,25,2026,0,2002-08-20T00:00:00.000000,23.446954140999313,10,0,1359.8962088761082,1350.9117775446919
2026-05-01,Summer,Break,L,0,Offseason,0,Offseason,0,Hanna Midtsundstad,Norway,3,2026,0,1999-09-22T00:00:00.000000,26.357289527720738,10,0,1222.431284065696,1234.0665914558415
2026-05-01,Summer,Break,L,0,Offseason,0,Offseason,0,Yuzuki Kainuma,Japan,239,2026,0,2007-07-22T00:00:00.000000,18.527036276522928,10,0,1331.9604285981463,1327.1663643084244
2026-05-01,Summer,Break,L,0,Offseason,0,Offseason,0,Alexa Brabec,USA,81,2026,0,2004-10-08T00:00:00.000000,21.311430527036276,10,0,1355.5926933047715,1347.2537893090557
2026-05-01,Summer,Break,L,0,Offseason,0,Offseason,0,Romane Baud,France,206,2026,0,2006-09-23T00:00:00.000000,19.353867214236825,7,0,1270.1188475512479,1274.6010204185607
2026-05-01,Summer,Break,L,0,Offseason,0,Offseason,0,Heta Hirvonen,Finland,218,2026,0,2008-10-16T00:00:00.000000,17.28952772073922,5,0,1312.0418549307144,1310.2355766911073
2026-05-01,Summer,Break,L,0,Offseason,0,Offseason,0,Trine Göpfert,Germany,107,2026,0,2005-06-19T00:00:00.000000,20.61601642710472,10,0,1303.3693357405211,1302.8639353794429
2026-05-01,Summer,Break,L,0,Offseason,0,Offseason,0,Yuna Kasai,Japan,161,2026,0,2004-02-04T00:00:00.000000,21.987679671457904,10,0,1384.500573143746,1371.825487172184
2026-05-01,Summer,Break,L,0,Offseason,0,Offseason,0,Ingrid Låte,Norway,201,2026,0,2007-07-23T00:00:00.000000,18.524298425735797,9,0,1340.0266707903397,1334.0226701717888
2026-05-01,Summer,Break,L,0,Offseason,0,Offseason,0,Anna-Sophie Gredler,Austria,223,2026,0,2008-01-21T00:00:00.000000,17.96851471594798,3,0,1267.2936030283797,1272.1995625741226
2026-05-01,Summer,Break,L,0,Offseason,0,Offseason,0,Marte Leinan Lund,Norway,7,2026,0,2001-04-01T00:00:00.000000,24.83230663928816,10,0,1359.9978825324245,1350.9982001525607
2026-05-01,Summer,Break,L,0,Offseason,0,Offseason,0,Teja Pavec,Slovenia,209,2026,0,2007-04-15T00:00:00.000000,18.795345653661876,9,0,1295.3486636458204,1296.0463640989474
2026-05-01,Summer,Break,L,0,Offseason,0,Offseason,0,Veronica Gianmoena,Italy,29,2026,0,1995-10-25T00:00:00.000000,30.26694045174538,10,0,1264.2831780091822,1269.6407013078049
2026-05-01,Summer,Break,L,0,Offseason,0,Offseason,0,Tia Malovrh,Slovenia,221,2026,0,2008-07-16T00:00:00.000000,17.4839151266256,2,0,1304.8043762924822,1304.08371984861
2026-05-01,Summer,Break,L,0,Offseason,0,Offseason,0,Minja Korhonen,Finland,200,2026,0,2007-05-19T00:00:00.000000,18.702258726899384,10,0,1346.9803692754683,1339.933313884148
2026-05-01,Summer,Break,L,0,Offseason,0,Offseason,0,Lisa-Marie Hirner,Austria,52,2026,0,2003-10-03T00:00:00.000000,22.269678302532512,5,0,1338.5633161714418,1332.7788187457254
2026-05-01,Summer,Break,L,0,Offseason,0,Offseason,0,Ida Marie Hagen,Norway,60,2026,0,2000-08-18T00:00:00.000000,25.451060917180012,10,0,1414.3428393282124,1397.1914134289805
2026-05-01,Summer,Break,L,0,Offseason,0,Offseason,0,Claudia Purker,Austria,177,2026,0,1999-01-15T00:00:00.000000,27.041752224503764,9,0,1286.918735728022,1288.8809253688187
2026-05-01,Summer,Break,L,0,Offseason,0,Offseason,0,Tereza Koldovska,Czechia,89,2026,0,2004-10-19T00:00:00.000000,21.281314168377822,5,0,1228.1199038542081,1238.901918276077
2026-05-01,Summer,Break,L,0,Offseason,0,Offseason,0,Marion Droz Vincent,France,229,2026,0,2008-01-08T00:00:00.000000,17.911019849418206,2,0,1275.1470586810658,1278.874999878906
2026-05-01,Summer,Break,L,0,Offseason,0,Offseason,0,Maja Loh,Germany,215,2026,0,2007-04-18T00:00:00.000000,18.729637234770706,1,0,1288.2592120508398,1290.0203302432137
2026-05-01,Summer,Break,L,0,Offseason,0,Offseason,0,Greta Pinzani,Italy,96,2026,0,2005-02-14T00:00:00.000000,20.958247775496236,9,0,1252.790987909464,1259.8723397230444
2026-05-01,Summer,Break,L,0,Offseason,0,Offseason,0,Tara Geraghty-Moats,USA,58,2026,0,1993-04-12T00:00:00.000000,32.8021902806297,8,0,1299.8314470384837,1299.8567299827112
2026-05-01,Summer,Break,L,0,Offseason,0,Offseason,0,Léna Brocard,France,53,2026,0,2000-05-19T00:00:00.000000,25.700205338809035,9,0,1335.3107354177585,1330.0141251050948
2026-05-01,Summer,Break,L,0,Offseason,0,Offseason,0,Annalena Slamik,Austria,41,2026,0,2003-03-23T00:00:00.000000,22.858316221765914,10,0,1279.8013522005747,1282.8311493704884
2026-05-01,Summer,Break,L,0,Offseason,0,Offseason,0,Jolana Hradilova,Czechia,87,2026,0,2004-06-29T00:00:00.000000,21.587953456536617,8,0,1223.829966962746,1235.2554719183343
