"FISName","Skier","ID","Nation","StartOrder","Bib","Is_Host_Nation","In_Startlist","Year","Elo","Individual_Elo","Sprint_Elo","MassStart_Elo","IndividualCompact_Elo","Race_Elo","Race1_Prob","City","Country","Race_Type","Race_Date","Race2_Prob","Race3_Prob","Sex"
"LAMPARTER Johannes","Johannes Lamparter",1469,"AUT",NA,2,"False","True",2001,1841.05315833176,1811.2431406171,1264.85459604425,1530.34364055945,1561.87625244142,1530.34364055945,1,"Seefeld","Austria","Mass Start","01/30/2026",0,0.975,"M"
"SCHMID Julian","Julian Schmid",1348,"GER",NA,3,"False","True",1999,1765.58645539356,1750.25751698963,1264.85459604425,1508.56142897557,1514.08942144108,1508.56142897557,1,"Seefeld","Austria","Mass Start","01/30/2026",0,0.9625,"M"
"HEROLA Ilkka","Ilkka Herola",97,"FIN",NA,5,"False","True",1995,1723.34852712846,1719.84510750763,1264.85459604425,1491.05443177524,1487.48557493849,1491.05443177524,1,"Seefeld","Austria","Mass Start","01/30/2026",0,0.925,"M"
"RETTENEGGER Thomas","Thomas Rettenegger",1467,"AUT",NA,1,"False","True",2000,1721.00446482101,1692.43202738245,1300,1477.86075713411,1481.45260684387,1477.86075713411,1,"Seefeld","Austria","Mass Start","01/30/2026",0,0.6,"M"
"RETTENEGGER Stefan","Stefan Rettenegger",1775,"AUT",NA,6,"False","True",2002,1724.06421148741,1713.77465659004,1264.85459604425,1472.70252485967,1495.01969410643,1472.70252485967,1,"Seefeld","Austria","Mass Start","01/30/2026",0,0.7875,"M"
"RYDZEK Johannes","Johannes Rydzek",14,"GER",NA,10,"False","True",1991,1725.34773659089,1713.20209434435,1270.73671962807,1464.54435766184,1523.30760166813,1464.54435766184,1,"Seefeld","Austria","Mass Start","01/30/2026",0,0.9375,"M"
"FRITZ Martin","Martin Fritz",1090,"AUT",NA,9,"False","True",1994,1583.1771028887,1537.42562979433,1264.85459604425,1455.48500245445,1439.55712839702,1455.48500245445,1,"Seefeld","Austria","Mass Start","01/30/2026",0,0.9,"M"
"GEIGER Vinzenz","Vinzenz Geiger",1182,"GER",NA,12,"False","True",1997,1699.5140405717,1674.39505913591,1264.85459604425,1455.16055134298,1504.88550733848,1455.16055134298,1,"Seefeld","Austria","Mass Start","01/30/2026",0,0.9125,"M"
"ILVES Kristjan","Kristjan Ilves",403,"EST",NA,20,"False","True",1996,1647.7211423566,1630.68237665523,1264.85459604425,1446.03786523609,1508.71802381686,1446.03786523609,1,"Seefeld","Austria","Mass Start","01/30/2026",0,0.9625,"M"
"REHRL Franz-Josef","Franz-Josef Rehrl",72,"AUT",NA,11,"False","True",1993,1581.18864721082,1618.59685734427,1264.85459604425,1444.30877288755,1387.91752214853,1444.30877288755,1,"Seefeld","Austria","Mass Start","01/30/2026",0,0.775,"M"
"OFTEBRO Jens Luraas","Jens Lurås Oftebro",1329,"NOR",NA,4,"False","True",2000,1770.70776415295,1781.40319967592,1264.85459604425,1444.09153893465,1525.28343811506,1444.09153893465,1,"Seefeld","Austria","Mass Start","01/30/2026",0,0.95,"M"
"YAMAMOTO Ryota","Ryota Yamamoto",1154,"JPN",NA,14,"False","True",1997,1520.42419957361,1490.04491476142,1264.85459604425,1419.15909315915,1367.1874599834,1419.15909315915,1,"Seefeld","Austria","Mass Start","01/30/2026",0,0.8625,"M"
"THANNHEIMER Wendelin","Wendelin Thannheimer",1461,"GER",NA,7,"False","True",1999,1615.91382917999,1599.3795077831,1300,1414.28284373971,1440.40291819152,1414.28284373971,1,"Seefeld","Austria","Mass Start","01/30/2026",0,0.55,"M"
"GREIDERER Lukas","Lukas Greiderer",1088,"AUT",NA,23,"False","True",1993,1553.67970448409,1519.91644761917,1264.85459604425,1392.24273703679,1403.75924631775,1392.24273703679,1,"Seefeld","Austria","Mass Start","01/30/2026",0,0.8375,"M"
"MUHLETHALER Laurent","Laurent Muhlethaler",1146,"FRA",NA,19,"False","True",1997,1423.35076523178,1370.68569715665,1264.85459604425,1389.57915112466,1321.53618733071,1389.57915112466,1,"Seefeld","Austria","Mass Start","01/30/2026",0,0.8,"M"
"HIRVONEN Eero","Eero Hirvonen",1155,"FIN",NA,16,"False","True",1996,1547.4124448028,1550.61001846616,1264.85459604425,1373.57828719976,1422.06082079889,1373.57828719976,1,"Seefeld","Austria","Mass Start","01/30/2026",0,0.7375,"M"
"WATABE Akito","Akito Watabe",3,"JPN",NA,30,"False","True",1988,1394.6866577312,1370.86593316192,1295.97599663389,1369.45095564344,1324.99898555842,1369.45095564344,1,"Seefeld","Austria","Mass Start","01/30/2026",0,0.875,"M"
"MACH David","David Mach",1468,"GER",NA,17,"False","True",2000,1487.4054766574,1446.25702749348,1300,1368.78898884132,1433.01006687916,1368.78898884132,1,"Seefeld","Austria","Mass Start","01/30/2026",0,0.4875,"M"
"SEIDL Mario","Mario Seidl",88,"AUT",NA,54,"False","True",1992,1389.10813718225,1440.06848917653,1295.95462509396,1365.32854430337,1266.68028874098,1365.32854430337,1,"Seefeld","Austria","Mass Start","01/30/2026",0,0.5375,"M"
"OFTEBRO Einar Luraas","Einar Lurås Oftebro",1217,"NOR",NA,8,"False","True",1998,1664.58171076511,1659.30816595325,1300,1364.00911624765,1455.78409606406,1364.00911624765,1,"Seefeld","Austria","Mass Start","01/30/2026",0,0.425,"M"
"STENZEL Richard","Richard Stenzel",2351,"GER",NA,13,"False","True",2005,1460.26115108755,1479.39321192699,1300,1349.45946444579,1264.28771451602,1349.45946444579,1,"Seefeld","Austria","Mass Start","01/30/2026",0,0.392857142857143,"M"
"OBERMEYR Fabio","Fabio Obermeyr",1777,"AUT",NA,27,"False","True",2000,1517.83898413772,1513.81344886739,1300,1338.98307283964,1375.13464284019,1338.98307283964,1,"Seefeld","Austria","Mass Start","01/30/2026",0,0.426470588235294,"M"
"STROEM Eidar Johan","Eidar Johan Strøm",2344,"NOR",NA,18,"False","True",2004,1415.12444001988,1393.33628290912,1300,1338.74121592234,1315.79539260248,1338.74121592234,1,"Seefeld","Austria","Mass Start","01/30/2026",0,1,"M"
"SKOGLUND Aleksander","Aleksander Skoglund",1220,"NOR",NA,24,"False","True",1999,1442.86249211425,1415.58856587486,1300,1330.66855718102,1362.25569927364,1330.66855718102,1,"Seefeld","Austria","Mass Start","01/30/2026",0,0.25,"M"
"SKOGLUND Andreas","Andreas Skoglund",1449,"NOR",NA,26,"False","True",2001,1549.0227298898,1567.99275503573,1264.85459604425,1329.63941427333,1399.86118967189,1329.63941427333,1,"Seefeld","Austria","Mass Start","01/30/2026",0,0.475,"M"
"WALCHER Paul","Paul Walcher",1988,"AUT",NA,15,"False","True",2005,1399.87327741579,1395.5742917931,1264.85459604425,1325.43321478641,1303.08811040872,1325.43321478641,1,"Seefeld","Austria","Mass Start","01/30/2026",0,0.742857142857143,"M"
"BAUD Matteo","Matteo Baud",1765,"FRA",NA,41,"False","True",2002,1275.21571766402,1269.2619578876,1264.85459604425,1322.83583767281,1254.9315711085,1322.83583767281,1,"Seefeld","Austria","Mass Start","01/30/2026",0,0.8125,"M"
"KOLB Florian","Florian Kolb",1982,"AUT",NA,25,"False","True",2001,1383.47087917167,1367.82705509101,1300,1317.7525078845,1317.93754528194,1317.7525078845,1,"Seefeld","Austria","Mass Start","01/30/2026",0,0.391304347826087,"M"
"HEINIS Marco","Marco Heinis",1903,"FRA",NA,22,"False","True",2003,1350.94488317499,1328.56044221056,1264.85459604425,1313.80511032624,1246.03059244553,1313.80511032624,1,"Seefeld","Austria","Mass Start","01/30/2026",0,0.625,"M"
"MALACINSKI Niklas","Niklas Malacinski",1429,"USA",NA,28,"False","True",2003,1411.66671653732,1431.08471065571,1300,1313.57311466483,1299.51423527433,1313.57311466483,1,"Seefeld","Austria","Mass Start","01/30/2026",0,0.575,"M"
"MACH Simon","Simon Mach",1981,"GER",NA,29,"False","True",2002,1382.79753189617,1418.54790937231,1300,1313.32669269357,1237.86418322788,1313.32669269357,1,"Seefeld","Austria","Mass Start","01/30/2026",0,0.384615384615385,"M"
"COSTA Samuel","Samuel Costa",84,"ITA",NA,21,"False","True",1992,1484.22368761401,1477.68880119504,1300,1312.74813521995,1369.25988623249,1312.74813521995,1,"Seefeld","Austria","Mass Start","01/30/2026",0,0.725,"M"
"GFRERER Andreas","Andreas Gfrerer",2378,"AUT",NA,36,"False","True",2006,1328.08557172432,1319.72736872054,1300,1309.09747841314,1288.90332142291,1309.09747841314,1,"Seefeld","Austria","Mass Start","01/30/2026",0,0.166666666666667,"M"
"ANDERSEN Espen","Espen Andersen",345,"NOR",NA,34,"False","True",1993,1418.76852995721,1432.40620358027,1300,1305.39389371299,1341.03654174305,1305.39389371299,1,"Seefeld","Austria","Mass Start","01/30/2026",0,0.9125,"M"
"VYTRVAL Jan","Jan Vytrval",1239,"CZE",NA,31,"False","True",1998,1313.77636061731,1254.50768026255,1264.85459604425,1291.11736287626,1308.13764121715,1291.11736287626,1,"Seefeld","Austria","Mass Start","01/30/2026",0,0.625,"M"
"VRHOVNIK Vid","Vid Vrhovnik",1196,"SLO",NA,33,"False","True",1999,1316.75421900799,1285.23197323605,1264.85459604425,1279.11862241305,1280.8951019702,1279.11862241305,1,"Seefeld","Austria","Mass Start","01/30/2026",0,0.4875,"M"
"LE Alvin","Alvin Le",2539,"NOR",NA,57,"False","True",2008,1227.16441357329,1182.05666869795,1264.85459604425,1275.31349867055,1296.87434850012,1275.31349867055,1,"Seefeld","Austria","Mass Start","01/30/2026",0,1,"M"
"VALLET Edgar","Edgar Vallet",1317,"FRA",NA,37,"False","True",2000,1241.84362758926,1247.16347551452,1300,1265.62380708957,1237.5735658843,1265.62380708957,1,"Seefeld","Austria","Mass Start","01/30/2026",0,0.3375,"M"
"PITTIN Alessandro","Alessandro Pittin",8,"ITA",NA,40,"False","True",1990,1297.27295013803,1277.15193332412,1288.05932845801,1262.19679373571,1320.94263518238,1262.19679373571,1,"Seefeld","Austria","Mass Start","01/30/2026",0,0.5375,"M"
"WATABE Yoshito","Yoshito Watabe",32,"JPN",NA,35,"False","True",1991,1197.24114659803,1198.85742773306,1289.15895966853,1259.68315181125,1175.80785839647,1259.68315181125,1,"Seefeld","Austria","Mass Start","01/30/2026",0,0.7375,"M"
"KOSTNER Aaron","Aaron Kostner",1193,"ITA",NA,39,"False","True",1999,1381.38773897806,1398.92554712924,1264.85459604425,1258.42701005778,1324.75326396022,1258.42701005778,1,"Seefeld","Austria","Mass Start","01/30/2026",0,0.75,"M"
"JOHNSTONE Henry","Henry Johnstone",1432,"USA",NA,50,"False","True",2001,1207.44912037771,1200.15967864946,1264.85459604425,1258.22931380162,1274.18581218342,1258.22931380162,1,"Seefeld","Austria","Mass Start","01/30/2026",0,0.333333333333333,"M"
"TYRODE Mael","Mael Tyrode",1318,"FRA",NA,42,"False","True",2000,1242.07099229875,1285.89525749856,1300,1255.8967219668,1243.65124845834,1255.8967219668,1,"Seefeld","Austria","Mass Start","01/30/2026",0,0.24,"M"
"ZHAO Zihe","Zihe Zhao",1704,"CHN",NA,52,"False","True",2000,1166.23824756808,1198.59608643806,1300,1250.06104545202,1272.04079067045,1250.06104545202,1,"Seefeld","Austria","Mass Start","01/30/2026",0,0.0375,"M"
"LOOMIS Benjamin","Ben Loomis",1179,"USA",NA,38,"False","True",1998,1269.61464308051,1256.65403764459,1264.85459604425,1243.40020854649,1307.13562126823,1243.40020854649,1,"Seefeld","Austria","Mass Start","01/30/2026",0,0.7375,"M"
"KONVALINKA Jiri","Jiri Konvalinka",2037,"CZE",NA,32,"False","True",2004,1246.53481967222,1273.45429026918,1264.85459604425,1242.15805581859,1245.91559974065,1242.15805581859,1,"Seefeld","Austria","Mass Start","01/30/2026",0,0.567567567567568,"M"
"SOMMERFELDT Tristan","Tristan Sommerfeldt",1992,"GER",NA,48,"False","True",2004,1283.73621113406,1278.17120612707,1300,1238.43023369517,1306.17815703288,1238.43023369517,1,"Seefeld","Austria","Mass Start","01/30/2026",0,0.407407407407407,"M"
"YACHI Sora","Sora Yachi",1774,"JPN",NA,49,"False","True",2000,1247.52192392895,1248.95286215621,1264.85459604425,1236.01558798644,1259.75177270485,1236.01558798644,1,"Seefeld","Austria","Mass Start","01/30/2026",0,0.8625,"M"
"ZHAO Jiawen","Jiawen Zhao",1705,"CHN",NA,58,"False","True",2001,1149.41422826285,1182.14361329804,1300,1230.85321724601,1217.79291874478,1230.85321724601,1,"Seefeld","Austria","Mass Start","01/30/2026",0,0.1125,"M"
"AZEGAMI Shogo","Shogo Azegami",2307,"JPN",NA,53,"False","True",2001,1136.71900088933,1157.67298203702,1300,1230.13998876989,1175.70273036747,1230.13998876989,1,"Seefeld","Austria","Mass Start","01/30/2026",0,0.333333333333333,"M"
"BUZZI Raffaele","Raffaele Buzzi",1103,"ITA",NA,51,"False","True",1995,1220.86450328194,1293.60318593592,1264.85459604425,1225.69468243994,1222.61848979934,1225.69468243994,1,"Seefeld","Austria","Mass Start","01/30/2026",0,0.75,"M"
"MUELLER Pascal","Pascal Müller",1475,"SUI",NA,45,"False","True",2001,1123.56130191502,1139.73225613424,1300,1214.49447222481,1135.46834649,1214.49447222481,1,"Seefeld","Austria","Mass Start","01/30/2026",0,0.34375,"M"
"LYNCH Erik","Erik Lynch",372,"USA",NA,56,"False","True",1994,1133.56140262592,1118.19818303248,1300,1212.94995389073,1240.79172564323,1212.94995389073,1,"Seefeld","Austria","Mass Start","01/30/2026",0,0.424242424242424,"M"
"HAPPONEN Herman","Herman Happonen",2346,"FIN",NA,46,"False","True",2004,1193.08364678034,1213.14886372937,1300,1208.89006045066,1225.79303127362,1208.89006045066,1,"Seefeld","Austria","Mass Start","01/30/2026",0,0.304347826086957,"M"
"BRECL Gasper","Gašper Brecl",1295,"SLO",NA,44,"False","True",1999,1105.50369853291,1077.86178660709,1264.85459604425,1205.47250073248,1132.67943806027,1205.47250073248,1,"Seefeld","Austria","Mass Start","01/30/2026",0,0.7875,"M"
"KARHUMAA Wille","Wille Karhumaa",1250,"FIN",NA,47,"False","True",2000,1216.75775452909,1268.06979104896,1300,1198.18395072697,1208.2101677093,1198.18395072697,1,"Seefeld","Austria","Mass Start","01/30/2026",0,0.2625,"M"
"MAZURCHUK Dmytro","Dmytro Mazurchuk",1197,"UKR",NA,55,"False","True",1999,1120.64186661369,1122.47110907247,1300,1188.97650711572,1181.58360620806,1188.97650711572,1,"Seefeld","Austria","Mass Start","01/30/2026",0,0.3125,"M"
"KIMURA Kodai","Kodai Kimura",1459,"JPN",NA,43,"False","True",2001,1153.14711893052,1143.7711041582,1264.85459604425,1187.20232477128,1246.23014943256,1187.20232477128,1,"Seefeld","Austria","Mass Start","01/30/2026",0,0.7,"M"
"Manuel Faißt","Manuel Faißt",36,"Germany",999,999,"False","False",NA,1507.48532248967,1501.02595933341,1299.34416881614,1451.95793406109,1384.46394288759,1451.95793406109,0,"Seefeld","Austria","Mass Start","01/30/2026",0,0.85,"M"
"Terence Weber","Terence Weber",1137,"Germany",999,999,"False","False",NA,1449.84838429861,1428.6696207995,1300,1381.7390899281,1428.50728265239,1381.7390899281,0,"Seefeld","Austria","Mass Start","01/30/2026",0,0.775,"M"
"Jens Dahlseide Kvamme","Jens Dahlseide Kvamme",2364,"Norway",999,999,"False","False",NA,1261.84884369631,1184.82476943828,1300,1313.00654162991,1268.85820158777,1313.00654162991,0,"Seefeld","Austria","Mass Start","01/30/2026",0,0.526315789473684,"M"
"Jørgen Berget Storsveen","Jørgen Berget Storsveen",2419,"Norway",999,999,"False","False",NA,1271.41000861289,1243.09254013257,1300,1302.38252943449,1287.43338389347,1302.38252943449,0,"Seefeld","Austria","Mass Start","01/30/2026",0,0.1,"M"
"Andreas Ottesen","Andreas Ottesen",1976,"Norway",999,999,"False","False",NA,1281.6710918804,1275.79450812599,1300,1301.94061597582,1290.98701495849,1301.94061597582,0,"Seefeld","Austria","Mass Start","01/30/2026",0,0.111111111111111,"M"
"Andrzej Szczechowicz","Andrzej Szczechowicz",1473,"Poland",999,999,"False","False",NA,1186.47638540019,1184.93858936051,1300,1301.1683724513,1273.82215801424,1301.1683724513,0,"Seefeld","Austria","Mass Start","01/30/2026",0,0.155844155844156,"M"
"Takuya Nakazawa","Takuya Nakazawa",2389,"Japan",999,999,"False","False",NA,1243.78668835144,1233.33379446824,1264.85459604425,1300.9931165836,1296.43910881683,1300.9931165836,0,"Seefeld","Austria","Mass Start","01/30/2026",0,0,"M"
"Lubin Martin","Lubin Martin",2407,"France",999,999,"False","False",NA,1233.46479537037,1220.8680273296,1300,1300.4633032665,1296.62568547693,1300.4633032665,0,"Seefeld","Austria","Mass Start","01/30/2026",0,0,"M"
"Andrzej Waliczek","Andrzej Waliczek",2383,"Poland",999,999,"False","False",NA,1249.96673525473,1230.41583875985,1300,1299.46868244379,1281.48436585543,1299.46868244379,0,"Seefeld","Austria","Mass Start","01/30/2026",0,0.133333333333333,"M"
"Arne Hohlfeld","Arne Hohlfeld",2460,"Germany",999,999,"False","False",NA,1199.53284419742,1186.07105219427,1300,1299.46868244379,1270.64011426588,1299.46868244379,0,"Seefeld","Austria","Mass Start","01/30/2026",0,0,"M"
"Illia Chebolda","Illia Chebolda",2434,"Ukraine",999,999,"False","False",NA,1198.66743275068,1197.21961471114,1300,1299.46868244379,1257.05623968494,1299.46868244379,0,"Seefeld","Austria","Mass Start","01/30/2026",0,0,"M"
"Kacper Jarzabek","Kacper Jarzabek",2391,"Poland",999,999,"False","False",NA,1260.51797021266,1260.73830806016,1300,1299.46868244379,1277.81970777033,1299.46868244379,0,"Seefeld","Austria","Mass Start","01/30/2026",0,0.0666666666666667,"M"
"David Liegl","David Liegl",2329,"Austria",999,999,"True","False",NA,1198.07402164885,1197.00111401897,1300,1299.4633032665,1282.62579241038,1299.4633032665,0,"Seefeld","Austria","Mass Start","01/30/2026",0,0,"M"
"Simon Pagnier","Simon Pagnier",2463,"France",999,999,"False","False",NA,1271.28735640716,1294.05020524978,1300,1298.4633032665,1257.05623968494,1298.4633032665,0,"Seefeld","Austria","Mass Start","01/30/2026",0,0,"M"
"Maximillian Vorderegger","Maximillian Vorderegger",2442,"Austria",999,999,"True","False",NA,1271.73095125357,1268.55290807132,1300,1298.4633032665,1277.19867282444,1298.4633032665,0,"Seefeld","Austria","Mass Start","01/30/2026",0,0,"M"
"Anze Brecl","Anze Brecl",2458,"Slovenia",999,999,"False","False",NA,1244.42106744618,1243.97044947262,1300,1298.4633032665,1257.05623968494,1298.4633032665,0,"Seefeld","Austria","Mass Start","01/30/2026",0,0,"M"
"Timon Brglez","Timon Brglez",2506,"Slovenia",999,999,"False","False",NA,1304.54373894424,1296.50238700304,1300,1298.24413425867,1257.05623968494,1298.24413425867,0,"Seefeld","Austria","Mass Start","01/30/2026",0,0,"M"
"Maksym Prokopiuk","Maksym Prokopiuk",2393,"Ukraine",999,999,"False","False",NA,1199.55524809751,1175.72835077353,1300,1297.93427559844,1257.05623968494,1297.93427559844,0,"Seefeld","Austria","Mass Start","01/30/2026",0,0,"M"
"Sean Steenbakkers","Sean Steenbakkers",2424,"Netherlands",999,999,"False","False",NA,1220.57370234805,1170.44674908141,1300,1297.93427559844,1287.03651066228,1297.93427559844,0,"Seefeld","Austria","Mass Start","01/30/2026",0,1,"M"
"Kenji Grossegger","Kenji Grossegger",2457,"Austria",999,999,"True","False",NA,1245.07232251356,1237.15578407038,1300,1297.93427559844,1257.05623968494,1297.93427559844,0,"Seefeld","Austria","Mass Start","01/30/2026",0,0,"M"
"Tobias Aichhorn","Tobias Aichhorn",2439,"Austria",999,999,"True","False",NA,1267.17360176135,1276.1682893659,1300,1297.93427559844,1257.05623968494,1297.93427559844,0,"Seefeld","Austria","Mass Start","01/30/2026",0,0,"M"
"Ansgar Schupp","Ansgar Schupp",2427,"Germany",999,999,"False","False",NA,1268.64166386499,1276.13094520045,1300,1297.93427559844,1257.05623968494,1297.93427559844,0,"Seefeld","Austria","Mass Start","01/30/2026",0,0,"M"
"Maximilian Slamik","Maximilian Slamik",2328,"Austria",999,999,"True","False",NA,1184.66610380735,1202.78720119163,1300,1297.93427559844,1294.43910881683,1297.93427559844,0,"Seefeld","Austria","Mass Start","01/30/2026",0,0,"M"
"Luis Rauch","Luis Rauch",2499,"Austria",999,999,"True","False",NA,1252.46517842354,1265.56051499106,1300,1297.93427559844,1257.05623968494,1297.93427559844,0,"Seefeld","Austria","Mass Start","01/30/2026",0,0,"M"
"Mark Kreze","Mark Kreze",2486,"Slovenia",999,999,"False","False",NA,1269.54807364578,1259.97651286857,1300,1297.93427559844,1257.05623968494,1297.93427559844,0,"Seefeld","Austria","Mass Start","01/30/2026",0,0,"M"
"Noe Kempf","Noe Kempf",2450,"Switzerland",999,999,"False","False",NA,1269.06346194862,1259.21208796192,1300,1297.93427559844,1257.05623968494,1297.93427559844,0,"Seefeld","Austria","Mass Start","01/30/2026",0,0,"M"
"Rostyslav Kirashchuk","Rostyslav Kirashchuk",2462,"Ukraine",999,999,"False","False",NA,1167.76234255043,1162.05021450319,1300,1297.93427559844,1271.2412742159,1297.93427559844,0,"Seefeld","Austria","Mass Start","01/30/2026",0,0,"M"
"Julian Kleimeier","Julian Kleimeier",2440,"Germany",999,999,"False","False",NA,1244.15469390737,1248.45903807796,1300,1297.93427559844,1277.19867282444,1297.93427559844,0,"Seefeld","Austria","Mass Start","01/30/2026",0,0,"M"
"Urban Zajec","Urban Zajec",2063,"Slovenia",999,999,"False","False",NA,1152.09852012058,1159.77688413371,1300,1297.93427559844,1257.05623968494,1297.93427559844,0,"Seefeld","Austria","Mass Start","01/30/2026",0,0,"M"
"David Thuer","David Thuer",2432,"Austria",999,999,"True","False",NA,1332.17279434148,1347.87101784415,1300,1296.41279569174,1306.54462506502,1296.41279569174,0,"Seefeld","Austria","Mass Start","01/30/2026",0,0,"M"
"Kasper Moen Flatla","Kasper Moen Flatla",1230,"Norway",999,999,"False","False",NA,1292.8767061141,1280.45461410693,1300,1296.38729697355,1332.5960000317,1296.38729697355,0,"Seefeld","Austria","Mass Start","01/30/2026",0,0.4,"M"
"Felix Brieden","Felix Brieden",2441,"Germany",999,999,"False","False",NA,1279.4009486674,1264.44871236547,1300,1295.94061597582,1306.95997267567,1295.94061597582,0,"Seefeld","Austria","Mass Start","01/30/2026",0,1,"M"
"Oleksandr Shovkoplias","Oleksandr Shovkoplias",2394,"Ukraine",999,999,"False","False",NA,1283.86991670921,1268.63423985599,1300,1295.94061597582,1263.23559746295,1295.94061597582,0,"Seefeld","Austria","Mass Start","01/30/2026",0,0.1,"M"
"Lilian Treand","Lilian Treand",2054,"France",999,999,"False","False",NA,1126.57194183722,1102.59799925034,1300,1295.41710667634,1272.43075178347,1295.41710667634,0,"Seefeld","Austria","Mass Start","01/30/2026",0,0,"M"
"Christian Frank","Christian Frank",1776,"Germany",999,999,"False","False",NA,1260.22041472136,1256.23997974736,1300,1295.34368668888,1276.45116765316,1295.34368668888,0,"Seefeld","Austria","Mass Start","01/30/2026",0,0.125,"M"
"Johannes Steiner","Johannes Steiner",2338,"Austria",999,999,"True","False",NA,1217.78166884787,1215.02299405089,1300,1294.42141804831,1288.98780002161,1294.42141804831,0,"Seefeld","Austria","Mass Start","01/30/2026",0,0,"M"
"Torje Seljeset","Torje Seljeset",2399,"Norway",999,999,"False","False",NA,1294.23631800651,1292.17663566252,1300,1292.56960216802,1330.9914189402,1292.56960216802,0,"Seefeld","Austria","Mass Start","01/30/2026",0,0.0344827586206897,"M"
"Eros Consolati","Eros Consolati",2068,"Italy",999,999,"False","False",NA,1115.35565843638,1104.60672792482,1300,1291.94061597582,1263.05776730722,1291.94061597582,0,"Seefeld","Austria","Mass Start","01/30/2026",0,0,"M"
"Nico Zarucchi","Nico Zarucchi",1916,"Switzerland",999,999,"False","False",NA,1090.66413222192,1065.27733150423,1300,1291.94061597582,1222.32254366539,1291.94061597582,0,"Seefeld","Austria","Mass Start","01/30/2026",0,0,"M"
"Kaisei Mori","Kaisei Mori",2422,"Japan",999,999,"False","False",NA,1238.65335166885,1263.68992443443,1264.85459604425,1291.94061597582,1290.6463174276,1291.94061597582,0,"Seefeld","Austria","Mass Start","01/30/2026",0,0,"M"
"Maximilian Uhr","Maximilian Uhr",2425,"Germany",999,999,"False","False",NA,1273.76705990939,1246.41921664928,1300,1291.43435377701,1292.15283599253,1291.43435377701,0,"Seefeld","Austria","Mass Start","01/30/2026",0,0,"M"
"Milosz Krzempek","Milosz Krzempek",2360,"Poland",999,999,"False","False",NA,1090.87645685096,1075.1121214988,1264.85459604425,1290.94061597582,1252.98949743652,1290.94061597582,0,"Seefeld","Austria","Mass Start","01/30/2026",0,0,"M"
"Finn Kempf","Finn Kempf",2067,"Switzerland",999,999,"False","False",NA,1240.42343136322,1203.25774805727,1300,1290.43866598693,1280.0658008919,1290.43866598693,0,"Seefeld","Austria","Mass Start","01/30/2026",0,1,"M"
"Albin Stenzel","Albin Stenzel",2311,"Germany",999,999,"False","False",NA,1146.8065623944,1126.96360079863,1300,1289.35489966328,1278.15223010603,1289.35489966328,0,"Seefeld","Austria","Mass Start","01/30/2026",0,0,"M"
"Jonathan Gräbert","Jonathan Gräbert",2421,"Germany",999,999,"False","False",NA,1287.04210159271,1316.29857746136,1300,1287.62153957639,1248.86126225679,1287.62153957639,0,"Seefeld","Austria","Mass Start","01/30/2026",0,0,"M"
"Benedikt Grabert","Benedikt Grabert",2318,"Germany",999,999,"False","False",NA,1284.04297631252,1321.02570508418,1264.85459604425,1287.61056967849,1249.84963375276,1287.61056967849,0,"Seefeld","Austria","Mass Start","01/30/2026",0,0,"M"
"Per Einar Skjæret Strømhaug","Per Einar Skjæret Strømhaug",1699,"Norway",999,999,"False","False",NA,1339.67160438038,1349.70435912783,1300,1285.42017576372,1305.50739425977,1285.42017576372,0,"Seefeld","Austria","Mass Start","01/30/2026",0,0,"M"
"Jan Andersen","Jan Andersen",1901,"Germany",999,999,"False","False",NA,1274.58616627554,1275.17019590911,1300,1283.24721717856,1266.04615086709,1283.24721717856,0,"Seefeld","Austria","Mass Start","01/30/2026",0,0.037037037037037,"M"
"Lucas Mach","Lucas Mach",2020,"Germany",999,999,"False","False",NA,1162.12432913183,1164.00138225606,1300,1283.1112889777,1277.028589368,1283.1112889777,0,"Seefeld","Austria","Mass Start","01/30/2026",0,0,"M"
"Radim Sudek","Radim Sudek",2023,"Czechia",999,999,"False","False",NA,1108.79602691231,1110.65122606998,1264.85459604425,1282.1112889777,1248.48575545439,1282.1112889777,0,"Seefeld","Austria","Mass Start","01/30/2026",0,0,"M"
"Tom Rochat","Tom Rochat",1987,"France",999,999,"False","False",NA,1236.90272148294,1218.18935862964,1300,1280.66159505752,1289.28701495849,1280.66159505752,0,"Seefeld","Austria","Mass Start","01/30/2026",0,0.214285714285714,"M"
"Manuel Senoner","Manuel Senoner",2065,"Italy",999,999,"False","False",NA,1234.52370642398,1252.93926196899,1300,1278.20980771919,1268.17056156517,1278.20980771919,0,"Seefeld","Austria","Mass Start","01/30/2026",0,0.125,"M"
"Stefano Radovan","Stefano Radovan",1914,"Italy",999,999,"False","False",NA,1242.96795016257,1266.14966366491,1300,1277.87501093598,1270.16996875875,1277.87501093598,0,"Seefeld","Austria","Mass Start","01/30/2026",0,0.0769230769230769,"M"
"Even Leinan Lund","Even Leinan Lund",2404,"Norway",999,999,"False","False",NA,1237.11492364715,1248.12125297119,1300,1277.27141832338,1283.76970777033,1277.27141832338,0,"Seefeld","Austria","Mass Start","01/30/2026",0,0.133333333333333,"M"
"Valtteri Holopainen","Valtteri Holopainen",2397,"Finland",999,999,"False","False",NA,1156.03431107727,1169.94626110036,1300,1277.20980771919,1197.40063082591,1277.20980771919,0,"Seefeld","Austria","Mass Start","01/30/2026",0,0.181818181818182,"M"
"Eemeli Kurttila","Eemeli Kurttila",2455,"Finland",999,999,"False","False",NA,1189.84802779481,1220.70886066021,1264.85459604425,1276.20980771919,1193.48998596846,1276.20980771919,0,"Seefeld","Austria","Mass Start","01/30/2026",0,0.25,"M"
"Marcus Kaariainen","Marcus Kaariainen",2517,"Finland",999,999,"False","False",NA,1226.30974291807,1221.19244890224,1264.85459604425,1275.31349867055,1284.7551633909,1275.31349867055,0,"Seefeld","Austria","Mass Start","01/30/2026",0,0,"M"
"Oleksandr Kostreiuk","Oleksandr Kostreiuk",2542,"Ukraine",999,999,"False","False",NA,1238.59319822333,1248.57348073077,1264.85459604425,1275.31349867055,1257.05623968494,1275.31349867055,0,"Seefeld","Austria","Mass Start","01/30/2026",0,0,"M"
"Arthur Tirone","Arthur Tirone",2474,"USA",999,999,"False","False",NA,1210.83047202429,1160.92011488423,1264.85459604425,1275.31349867055,1257.05623968494,1275.31349867055,0,"Seefeld","Austria","Mass Start","01/30/2026",0,0,"M"
"Bryan Venturini","Bryan Venturini",2072,"Italy",999,999,"False","False",NA,1182.17159551823,1192.14964395811,1300,1275.31349867055,1257.05623968494,1275.31349867055,0,"Seefeld","Austria","Mass Start","01/30/2026",0,0,"M"
"Taiki Chiba","Taiki Chiba",2541,"Japan",999,999,"False","False",NA,1263.19685166094,1234.28671439043,1264.85459604425,1275.31349867055,1257.05623968494,1275.31349867055,0,"Seefeld","Austria","Mass Start","01/30/2026",0,0,"M"
"Aapeli Karislahti","Aapeli Karislahti",2527,"Finland",999,999,"False","False",NA,1223.24264749784,1226.09884830419,1264.85459604425,1275.31349867055,1220.32742504557,1275.31349867055,0,"Seefeld","Austria","Mass Start","01/30/2026",0,0.25,"M"
"Sverre Kumar Lundeby","Sverre Kumar Lundeby",2470,"Norway",999,999,"False","False",NA,1280.93460777966,1266.20800435059,1300,1275.31349867055,1297.42351435992,1275.31349867055,0,"Seefeld","Austria","Mass Start","01/30/2026",0,0,"M"
"Matias Aarna","Matias Aarna",2540,"Estonia",999,999,"False","False",NA,1202.32936101507,1194.4249162387,1264.85459604425,1275.31349867055,1257.05623968494,1275.31349867055,0,"Seefeld","Austria","Mass Start","01/30/2026",0,0,"M"
"Markus Maaninka","Markus Maaninka",2516,"Finland",999,999,"False","False",NA,1207.2232514632,1202.03852315971,1264.85459604425,1275.31349867055,1284.7551633909,1275.31349867055,0,"Seefeld","Austria","Mass Start","01/30/2026",0,0,"M"
"Henrik Elias Wikstrøm Hilmarsen","Henrik Elias Wikstrøm Hilmarsen",2406,"Norway",999,999,"False","False",NA,1286.29270084489,1318.29576178969,1264.85459604425,1275.31349867055,1278.70353371836,1275.31349867055,0,"Seefeld","Austria","Mass Start","01/30/2026",0,0,"M"
"Wancheng Cai","Wancheng Cai",2316,"China",999,999,"False","False",NA,1150.94178530304,1121.73549647389,1264.85459604425,1275.31349867055,1257.05623968494,1275.31349867055,0,"Seefeld","Austria","Mass Start","01/30/2026",0,0,"M"
"Jialei Wang","Jialei Wang",2515,"China",999,999,"False","False",NA,1262.87876565547,1262.70496948706,1264.85459604425,1275.31349867055,1279.8141771714,1275.31349867055,0,"Seefeld","Austria","Mass Start","01/30/2026",0,0.0909090909090909,"M"
"Lukas Mühlbacher","Lukas Mühlbacher",2429,"Austria",999,999,"True","False",NA,1279.89161262836,1290.18667812994,1300,1274.71932168893,1257.05623968494,1274.71932168893,0,"Seefeld","Austria","Mass Start","01/30/2026",0,0,"M"
"Peter Raisanen","Peter Raisanen",2398,"Finland",999,999,"False","False",NA,1241.58871936877,1258.66685072062,1300,1274.20980771919,1279.63467206988,1274.20980771919,0,"Seefeld","Austria","Mass Start","01/30/2026",0,0.0625,"M"
"Atsushi Narita","Atsushi Narita",2388,"Japan",999,999,"False","False",NA,1272.94327483533,1298.34854919224,1264.85459604425,1274.17210878529,1283.39648818646,1274.17210878529,0,"Seefeld","Austria","Mass Start","01/30/2026",0,0.666666666666667,"M"
"Pawel Szyndlar","Pawel Szyndlar",2384,"Poland",999,999,"False","False",NA,1253.81733963953,1270.46365714922,1300,1272.6925814527,1265.07061406985,1272.6925814527,0,"Seefeld","Austria","Mass Start","01/30/2026",0,0.0714285714285714,"M"
"Lukas Dolezal","Lukas Dolezal",2060,"Czechia",999,999,"False","False",NA,1227.57806194048,1256.28952377355,1300,1272.40027600478,1237.09268989978,1272.40027600478,0,"Seefeld","Austria","Mass Start","01/30/2026",0,0.5,"M"
"Fred Gustavson","Fred Gustavson",2479,"Estonia",999,999,"False","False",NA,1196.3696311851,1232.26713025363,1264.85459604425,1269.2224665754,1227.25485206194,1269.2224665754,0,"Seefeld","Austria","Mass Start","01/30/2026",0,0.333333333333333,"M"
"Gunnar Gilbertson","Gunnar Gilbertson",1709,"USA",999,999,"False","False",NA,1035.7502365149,1028.71861302115,1300,1268.05582398455,1217.51918920904,1268.05582398455,0,"Seefeld","Austria","Mass Start","01/30/2026",0,0,"M"
"Ruubert Teder","Ruubert Teder",2526,"Estonia",999,999,"False","False",NA,1194.55497344149,1235.68504070139,1264.85459604425,1267.9008291485,1223.97557278266,1267.9008291485,0,"Seefeld","Austria","Mass Start","01/30/2026",0,0.333333333333333,"M"
"Karel Pastarus","Karel Pastarus",2475,"Estonia",999,999,"False","False",NA,1185.50881467344,1225.43130935811,1264.85459604425,1266.5791917216,1220.69629350338,1266.5791917216,0,"Seefeld","Austria","Mass Start","01/30/2026",0,0.333333333333333,"M"
"Matic Garbajs","Matic Garbajs",1996,"Slovenia",999,999,"False","False",NA,1130.95418540882,1099.17140487591,1264.85459604425,1265.49825075419,1243.74214360344,1265.49825075419,0,"Seefeld","Austria","Mass Start","01/30/2026",0,0.243243243243243,"M"
"Simen Tiller","Simen Tiller",370,"Norway",999,999,"False","False",NA,1329.06783175808,1372.50830332224,1264.85459604425,1263.06976839606,1280.9488585198,1263.06976839606,0,"Seefeld","Austria","Mass Start","01/30/2026",0,0.6,"M"
"Kyotaro Yamazaki","Kyotaro Yamazaki",2418,"Japan",999,999,"False","False",NA,1198.42588087555,1205.2138930525,1264.85459604425,1262.18012693802,1254.88511884702,1262.18012693802,0,"Seefeld","Austria","Mass Start","01/30/2026",0,0.1875,"M"
"Christian Deuschl","Christian Deuschl",1319,"Austria",999,999,"True","False",NA,1217.71805645228,1228.361712015,1300,1254.6975603818,1252.73737161171,1254.6975603818,0,"Seefeld","Austria","Mass Start","01/30/2026",0,0.075,"M"
"Jonas Fischbauer","Jonas Fischbauer",2342,"Austria",999,999,"True","False",NA,1261.71989263199,1215.53812240545,1300,1250.22537807415,1275.24129555466,1250.22537807415,0,"Seefeld","Austria","Mass Start","01/30/2026",0,0,"M"
"Gael Blondeau","Gael Blondeau",1485,"France",999,999,"False","False",NA,1231.50093163074,1173.47549669432,1300,1243.11824480242,1322.21635397934,1243.11824480242,0,"Seefeld","Austria","Mass Start","01/30/2026",0,0.6,"M"
"Oleksandr Shumbarets","Oleksandr Shumbarets",1478,"Ukraine",999,999,"False","False",NA,1044.35174159177,1050.03119469128,1300,1226.0968414691,1158.97775496653,1226.0968414691,0,"Seefeld","Austria","Mass Start","01/30/2026",0,0.184210526315789,"M"
"Iacopo Bortolas","Iacopo Bortolas",1768,"Italy",999,999,"False","False",NA,1102.76721857952,1085.93026915267,1264.85459604425,1225.0518610563,1153.33011033209,1225.0518610563,0,"Seefeld","Austria","Mass Start","01/30/2026",0,0.426666666666667,"M"
"Otto Niittykoski","Otto Niittykoski",1347,"Finland",999,999,"False","False",NA,1214.83605195157,1240.5598823155,1300,1224.28809713405,1233.41098838582,1224.28809713405,0,"Seefeld","Austria","Mass Start","01/30/2026",0,0.575,"M"
"Carter Brubaker","Carter Brubaker",1788,"USA",999,999,"False","False",NA,1090.42735974658,1101.07033495985,1300,1221.40872429514,1216.08546955479,1221.40872429514,0,"Seefeld","Austria","Mass Start","01/30/2026",0,0.333333333333333,"M"
"Erazem Stanonik","Erazem Stanonik",1994,"Slovenia",999,999,"False","False",NA,1134.82377296884,1147.75821046776,1264.85459604425,1219.91203389321,1219.62030991357,1219.91203389321,0,"Seefeld","Austria","Mass Start","01/30/2026",0,0.2,"M"
"Yuya Yamamoto","Yuya Yamamoto",2308,"Japan",999,999,"False","False",NA,1099.00191681577,1092.38736983317,1264.85459604425,1217.89551902454,1177.69838698008,1217.89551902454,0,"Seefeld","Austria","Mass Start","01/30/2026",0,0.590909090909091,"M"
"Stephen Schumann","Stephen Schumann",1237,"USA",999,999,"False","False",NA,1222.67985382045,1180.44607739764,1264.85459604425,1216.8159397634,1294.59920268429,1216.8159397634,0,"Seefeld","Austria","Mass Start","01/30/2026",0,0.5375,"M"
"Lukáš Daněk","Lukáš Daněk",1142,"Czechia",999,999,"False","False",NA,1140.03607168266,1163.70985659735,1264.85459604425,1198.2539835299,1240.37196917906,1198.2539835299,0,"Seefeld","Austria","Mass Start","01/30/2026",0,0.225,"M"
"Domenico Mariotti","Domenico Mariotti",1471,"Italy",999,999,"False","False",NA,1030.45186225627,1006.69598281872,1300,1186.62827333641,1160.84311579034,1186.62827333641,0,"Seefeld","Austria","Mass Start","01/30/2026",0,0.325,"M"
"Chingiz Rakparov","Chingiz Rakparov",1170,"Kazakhstan",999,999,"False","False",NA,1067.05615937423,1069.14254318864,1300,1179.93183468232,1195.07740294927,1179.93183468232,0,"Seefeld","Austria","Mass Start","01/30/2026",0,0.275,"M"
