"Date","City","Country","Nation","RaceType","Season","Race","Event","Elevation","Place","Points","Avg_Elo","Avg_Individual_Elo","Avg_Sprint_Elo","Avg_MassStart_Elo","Avg_IndividualCompact_Elo","MassStart","Sex"
1988-03-06,"Lahti","Finland","Czechia","Team Sprint",1988,7,"World Cup",86,4,70,1301.18601468263,NA,NA,NA,NA,0,"M"
1988-03-06,"Lahti","Finland","Finland","Team Sprint",1988,7,"World Cup",86,2,90,1299.38479122097,1302.33290344779,NA,NA,NA,0,"M"
1988-03-06,"Lahti","Finland","Norway","Team Sprint",1988,7,"World Cup",86,1,100,1288.07161605879,1283.42367178787,NA,NA,NA,0,"M"
1988-03-06,"Lahti","Finland","Sweden","Team Sprint",1988,7,"World Cup",86,7,52,1246.34459851722,1254.65082118887,NA,NA,NA,0,"M"
2007-01-03,"Ruhpolding","Germany","Austria","Team Sprint",2007,7,"World Cup",763,3,80,1440.84085757571,1425.773084667,1401.35337541563,1345.44394370015,NA,0,"M"
2007-01-03,"Ruhpolding","Germany","Canada","Team Sprint",2007,7,"World Cup",763,20,22,1223.89220779188,1196.996499018,1270.75822268946,NA,NA,0,"M"
2007-01-03,"Ruhpolding","Germany","Czechia","Team Sprint",2007,7,"World Cup",763,18,26,1220.12308493363,1214.10854230801,1251.87176478936,1262.67950598204,NA,0,"M"
2007-01-03,"Ruhpolding","Germany","Finland","Team Sprint",2007,7,"World Cup",763,1,100,1524.42743829102,1537.45980502844,1420.70096364589,1367.59362317593,NA,0,"M"
2007-01-03,"Ruhpolding","Germany","France","Team Sprint",2007,7,"World Cup",763,4,70,1343.18315569014,1348.22956382919,1309.12447609408,1293.15273067092,NA,0,"M"
2007-01-03,"Ruhpolding","Germany","Germany","Team Sprint",2007,7,"World Cup",763,2,90,1410.63644044472,1444.11922793779,1380.45190329612,1324.40926037517,NA,0,"M"
2007-01-03,"Ruhpolding","Germany","Italy","Team Sprint",2007,7,"World Cup",763,21,20,1220.76877513613,1222.74827972759,1254.0548919769,1235.95347560147,NA,0,"M"
2007-01-03,"Ruhpolding","Germany","Norway","Team Sprint",2007,7,"World Cup",763,5,60,1410.02966380446,1417.26038635186,1377.50526479774,1322.0439736085,NA,0,"M"
2007-01-03,"Ruhpolding","Germany","Switzerland","Team Sprint",2007,7,"World Cup",763,9,46,1325.5637690729,1294.75557612795,1269.99103609684,1306.37626178032,NA,0,"M"
2007-01-03,"Ruhpolding","Germany","USA","Team Sprint",2007,7,"World Cup",763,8,49,1369.78845180218,1370.11605395821,1363.00498930194,1305.75965967433,NA,0,"M"
2011-12-16,"Seefeld","Austria","Austria","Team Sprint",2012,7,"World Cup",1203,8,49,1512.42803660621,1503.43444222486,1405.92722624148,1358.89763087226,NA,0,"M"
2011-12-16,"Seefeld","Austria","Czechia","Team Sprint",2012,7,"World Cup",1203,14,34,1325.98412420993,1329.91157440748,1267.38365484226,1299.87178918147,NA,0,"M"
2011-12-16,"Seefeld","Austria","Estonia","Team Sprint",2012,7,"World Cup",1203,18,26,1141.70628306475,1148.0417374236,NA,1257.88780078567,NA,0,"M"
2011-12-16,"Seefeld","Austria","Finland","Team Sprint",2012,7,"World Cup",1203,13,36,1357.07682877813,1355.03445817037,1314.17173503691,1371.78082307823,NA,0,"M"
2011-12-16,"Seefeld","Austria","France","Team Sprint",2012,7,"World Cup",1203,1,100,1536.48677317345,1529.72995412542,1319.82018633672,1342.94788195616,NA,0,"M"
2011-12-16,"Seefeld","Austria","Germany","Team Sprint",2012,7,"World Cup",1203,5,60,1473.82211576606,1465.32407891962,1426.58002142576,1403.08018827133,NA,0,"M"
2011-12-16,"Seefeld","Austria","Italy","Team Sprint",2012,7,"World Cup",1203,2,90,1385.3415099056,1382.38726564855,1259.81325427909,1279.0320396536,NA,0,"M"
2011-12-16,"Seefeld","Austria","Norway","Team Sprint",2012,7,"World Cup",1203,3,80,1566.74561958954,1557.51871967615,1377.12807441188,1356.50966285591,NA,0,"M"
2011-12-16,"Seefeld","Austria","Russia","Team Sprint",2012,7,"World Cup",1203,19,24,1178.72553415254,1188.85558929982,1282.06593686531,1257.76005724008,NA,0,"M"
2011-12-16,"Seefeld","Austria","Slovenia","Team Sprint",2012,7,"World Cup",1203,12,38,1281.9028085535,1281.91950599531,1250.7180598441,1252.34854234639,NA,0,"M"
2011-12-16,"Seefeld","Austria","Switzerland","Team Sprint",2012,7,"World Cup",1203,15,32,1293.58487771467,1294.16296751343,1290.15458417644,1297.62634937008,NA,0,"M"
2011-12-16,"Seefeld","Austria","USA","Team Sprint",2012,7,"World Cup",1203,6,55,1446.94307843496,1442.07653976292,1379.98100747705,1373.69649132596,NA,0,"M"
2012-02-04,"Val Di Fiemme","Italy","Austria","Team Sprint",2012,16,"World Cup",1082,8,49,1467.88365503742,1518.94333846713,1396.53512960676,1361.4850644618,NA,0,"M"
2012-02-04,"Val Di Fiemme","Italy","Finland","Team Sprint",2012,16,"World Cup",1082,11,40,1334.16763787804,1334.24157531109,1314.17173503691,1371.78082307823,NA,0,"M"
2012-02-04,"Val Di Fiemme","Italy","France","Team Sprint",2012,16,"World Cup",1082,2,90,1554.94660035092,1544.18719579102,1319.82018633672,1342.94788195616,NA,0,"M"
2012-02-04,"Val Di Fiemme","Italy","Germany","Team Sprint",2012,16,"World Cup",1082,4,70,1583.04646233056,1575.2579361169,1378.35965480516,1390.6995329023,NA,0,"M"
2012-02-04,"Val Di Fiemme","Italy","Italy","Team Sprint",2012,16,"World Cup",1082,16,30,1265.32612633731,1274.35223859956,NA,1258.17644322887,NA,0,"M"
2012-02-04,"Val Di Fiemme","Italy","Japan","Team Sprint",2012,16,"World Cup",1082,5,60,1431.48565410492,1429.05758746526,1262.98554300394,1300.19044313427,NA,0,"M"
2012-02-04,"Val Di Fiemme","Italy","Norway","Team Sprint",2012,16,"World Cup",1082,1,100,1512.36566592738,1500.75179955768,1397.5415422017,1350.72643288398,NA,0,"M"
2012-02-04,"Val Di Fiemme","Italy","Russia","Team Sprint",2012,16,"World Cup",1082,17,28,1166.56047069269,1172.2860892742,1282.06593686531,1282.37979784763,NA,0,"M"
2012-02-04,"Val Di Fiemme","Italy","Slovenia","Team Sprint",2012,16,"World Cup",1082,12,38,1286.98925104192,1290.03493543175,1250.7180598441,1254.97259072277,NA,0,"M"
2012-02-04,"Val Di Fiemme","Italy","Switzerland","Team Sprint",2012,16,"World Cup",1082,14,34,1308.7008156124,1312.89963040315,1290.15458417644,1297.62634937008,NA,0,"M"
2012-02-04,"Val Di Fiemme","Italy","USA","Team Sprint",2012,16,"World Cup",1082,6,55,1415.22129996565,1407.53751121887,1347.60076861555,1355.12460516766,NA,0,"M"
2012-12-02,"Kuusamo","Finland","Austria","Team Sprint",2013,4,"World Cup",388,1,100,1494.31050557234,1484.25590510713,1408.30661798356,1366.39375998181,NA,0,"M"
2012-12-02,"Kuusamo","Finland","Czechia","Team Sprint",2013,4,"World Cup",388,14,34,1313.08557700246,1318.2723406833,1267.38365484226,1299.87178918147,NA,0,"M"
2012-12-02,"Kuusamo","Finland","Estonia","Team Sprint",2013,4,"World Cup",388,16,30,1221.67673662384,1224.07103187468,NA,1263.88780078567,NA,0,"M"
2012-12-02,"Kuusamo","Finland","Finland","Team Sprint",2013,4,"World Cup",388,12,38,1280.95012289743,1278.75744716816,1314.17173503691,1371.78082307823,NA,0,"M"
2012-12-02,"Kuusamo","Finland","France","Team Sprint",2013,4,"World Cup",388,3,80,1547.97851652402,1544.58871259569,1319.82018633672,1342.94788195616,NA,0,"M"
2012-12-02,"Kuusamo","Finland","Germany","Team Sprint",2013,4,"World Cup",388,7,52,1583.13903387843,1578.87219959527,1403.2935102858,1402.45968602921,NA,0,"M"
2012-12-02,"Kuusamo","Finland","Italy","Team Sprint",2013,4,"World Cup",388,17,28,1310.14019529833,1313.99855882045,1229.13303142642,1269.02825561429,NA,0,"M"
2012-12-02,"Kuusamo","Finland","Japan","Team Sprint",2013,4,"World Cup",388,5,60,1423.56173000614,1420.12455747491,1263.99996412734,1289.62465725047,NA,0,"M"
2012-12-02,"Kuusamo","Finland","Norway","Team Sprint",2013,4,"World Cup",388,2,90,1564.42488991761,1557.02882594481,1328.74957803171,1346.52555115624,NA,0,"M"
2012-12-02,"Kuusamo","Finland","Russia","Team Sprint",2013,4,"World Cup",388,20,22,1153.70893995431,1161.33321765477,NA,1233.14031663253,NA,0,"M"
2012-12-02,"Kuusamo","Finland","Slovenia","Team Sprint",2013,4,"World Cup",388,4,70,1314.84769919287,1310.98772978744,1250.7180598441,1254.97259072277,NA,0,"M"
2012-12-02,"Kuusamo","Finland","USA","Team Sprint",2013,4,"World Cup",388,9,46,1390.11553905965,1379.46084179877,1273.25201941154,1298.17644322887,NA,0,"M"
2013-01-13,"Chaux-Neuve","France","Austria","Team Sprint",2013,10,"World Cup",1098,6,55,1487.35861789061,1482.04814622922,1423.09795196,1397.6659096344,NA,0,"M"
2013-01-13,"Chaux-Neuve","France","Czechia","Team Sprint",2013,10,"World Cup",1098,8,49,1322.08504738092,1325.09798659024,1247.62528254812,1302.86452663502,NA,0,"M"
2013-01-13,"Chaux-Neuve","France","Estonia","Team Sprint",2013,10,"World Cup",1098,17,28,1151.98627284984,1157.87981116452,NA,1257.88780078567,NA,0,"M"
2013-01-13,"Chaux-Neuve","France","France","Team Sprint",2013,10,"World Cup",1098,3,80,1553.98241113791,1551.45046854816,1319.82018633672,1342.94788195616,NA,0,"M"
2013-01-13,"Chaux-Neuve","France","Germany","Team Sprint",2013,10,"World Cup",1098,1,100,1594.39060864102,1585.76973602999,1403.2935102858,1402.45968602921,NA,0,"M"
2013-01-13,"Chaux-Neuve","France","Italy","Team Sprint",2013,10,"World Cup",1098,15,32,1289.7692700109,1299.24871400521,1229.13303142642,1263.02825561429,NA,0,"M"
2013-01-13,"Chaux-Neuve","France","Japan","Team Sprint",2013,10,"World Cup",1098,12,38,1376.52295256416,1381.00655716639,NA,1266.17644322887,NA,0,"M"
2013-01-13,"Chaux-Neuve","France","Norway","Team Sprint",2013,10,"World Cup",1098,2,90,1561.55678083662,1551.16825143617,1397.5415422017,1350.72643288398,NA,0,"M"
2013-01-13,"Chaux-Neuve","France","Slovenia","Team Sprint",2013,10,"World Cup",1098,11,40,1316.69272387294,1315.5091883762,1250.7180598441,1254.97259072277,NA,0,"M"
2013-01-13,"Chaux-Neuve","France","Switzerland","Team Sprint",2013,10,"World Cup",1098,14,34,1288.61862685546,1289.80100866706,1290.15458417644,1297.62634937008,NA,0,"M"
2013-01-13,"Chaux-Neuve","France","USA","Team Sprint",2013,10,"World Cup",1098,7,52,1424.8982968989,1416.26361057525,1347.60076861555,1355.12460516766,NA,0,"M"
2013-03-02,"Val Di Fiemme","Italy","Austria","Team Sprint",2013,22,"World Championship",1082,2,90,1616.90585774991,1616.80040750371,1381.72720022349,1376.7460328479,NA,0,"M"
2013-03-02,"Val Di Fiemme","Italy","Czechia","Team Sprint",2013,22,"World Championship",1082,8,49,1389.71347937545,1396.43451283256,1247.62528254812,1302.86452663502,NA,0,"M"
2013-03-02,"Val Di Fiemme","Italy","Estonia","Team Sprint",2013,22,"World Championship",1082,10,43,1234.55697330542,1245.25836989378,NA,1263.88780078567,NA,0,"M"
2013-03-02,"Val Di Fiemme","Italy","Finland","Team Sprint",2013,22,"World Championship",1082,11,40,1236.65951199563,1234.91467837329,NA,NA,NA,0,"M"
2013-03-02,"Val Di Fiemme","Italy","France","Team Sprint",2013,22,"World Championship",1082,1,100,1651.29923556879,1643.07547059072,1375.04512716394,1361.62399987212,NA,0,"M"
2013-03-02,"Val Di Fiemme","Italy","Germany","Team Sprint",2013,22,"World Championship",1082,3,80,1654.84455334496,1654.82047574849,1378.35965480516,1390.6995329023,NA,0,"M"
2013-03-02,"Val Di Fiemme","Italy","Italy","Team Sprint",2013,22,"World Championship",1082,7,52,1395.42861082858,1392.94289346938,1290.49347713177,1292.6099175002,NA,0,"M"
2013-03-02,"Val Di Fiemme","Italy","Japan","Team Sprint",2013,22,"World Championship",1082,4,70,1579.47968099116,1586.11902210114,1263.99996412734,1301.34876426128,NA,0,"M"
2013-03-02,"Val Di Fiemme","Italy","Norway","Team Sprint",2013,22,"World Championship",1082,5,60,1646.47409827044,1640.39159644326,1397.5415422017,1350.72643288398,NA,0,"M"
2013-03-02,"Val Di Fiemme","Italy","Russia","Team Sprint",2013,22,"World Championship",1082,13,36,1145.23796625828,1152.22983205748,NA,1233.14031663253,NA,0,"M"
2013-03-02,"Val Di Fiemme","Italy","Slovenia","Team Sprint",2013,22,"World Championship",1082,9,46,1323.66412614396,1326.49819341104,1250.7180598441,1254.97259072277,NA,0,"M"
2013-03-02,"Val Di Fiemme","Italy","Switzerland","Team Sprint",2013,22,"World Championship",1082,12,38,1271.47438006714,1272.74580610758,1290.15458417644,1297.62634937008,NA,0,"M"
2013-03-02,"Val Di Fiemme","Italy","USA","Team Sprint",2013,22,"World Championship",1082,6,55,1450.22222210822,1443.77228076704,1458.02815148249,1439.99724773508,NA,0,"M"
2013-03-02,"Val Di Fiemme","Italy","Ukraine","Team Sprint",2013,22,"World Championship",1082,14,34,1241.92959885533,1237.50593996151,NA,NA,NA,0,"M"
2013-03-09,"Lahti","Finland","Austria","Team Sprint",2013,24,"World Cup",86,5,60,1532.71855669008,1529.42970817692,1397.28985528373,1377.101209358,NA,0,"M"
2013-03-09,"Lahti","Finland","Czechia","Team Sprint",2013,24,"World Cup",86,11,40,1346.93378745398,1353.02559556469,1269.49717573985,1307.28841259763,NA,0,"M"
2013-03-09,"Lahti","Finland","Estonia","Team Sprint",2013,24,"World Cup",86,13,36,1186.87836981267,1192.19668985271,NA,1257.88780078567,NA,0,"M"
2013-03-09,"Lahti","Finland","Finland","Team Sprint",2013,24,"World Cup",86,15,32,1266.86439565246,1240.77711035002,NA,NA,NA,0,"M"
2013-03-09,"Lahti","Finland","France","Team Sprint",2013,24,"World Cup",86,9,46,1501.73752729418,1487.19729328932,1251.78617302791,1292.50063294846,NA,0,"M"
2013-03-09,"Lahti","Finland","Germany","Team Sprint",2013,24,"World Cup",86,1,100,1595.41913098621,1587.96046757547,1378.35965480516,1390.6995329023,NA,0,"M"
2013-03-09,"Lahti","Finland","Italy","Team Sprint",2013,24,"World Cup",86,14,34,1262.97981909103,1261.29933670049,1229.13303142642,1266.89845224342,NA,0,"M"
2013-03-09,"Lahti","Finland","Japan","Team Sprint",2013,24,"World Cup",86,4,70,1524.50411330756,1533.82041402523,1263.99996412734,1289.62465725047,NA,0,"M"
2013-03-09,"Lahti","Finland","Norway","Team Sprint",2013,24,"World Cup",86,3,80,1576.26953644399,1567.67485159198,1317.93552265697,1326.05495382287,NA,0,"M"
2013-03-09,"Lahti","Finland","Russia","Team Sprint",2013,24,"World Cup",86,17,28,1143.5109088163,1151.24827243519,NA,1233.14031663253,NA,0,"M"
2013-03-09,"Lahti","Finland","Slovenia","Team Sprint",2013,24,"World Cup",86,12,38,1216.68710824682,1204.29372548934,1250.7180598441,1252.34854234639,NA,0,"M"
2013-03-09,"Lahti","Finland","USA","Team Sprint",2013,24,"World Cup",86,7,52,1424.20376599429,1462.4301684959,1365.64008544702,1369.08684548198,NA,0,"M"
2013-12-14,"Ramsau","Austria","Austria","Team Sprint",2014,5,"World Cup",1106,6,55,1495.179114848,1492.84864253053,1405.16678893482,1373.7973208158,NA,0,"M"
2013-12-14,"Ramsau","Austria","Czechia","Team Sprint",2014,5,"World Cup",1106,14,34,1375.10787167338,1388.79408014024,1247.62528254812,1302.86452663502,NA,0,"M"
2013-12-14,"Ramsau","Austria","Estonia","Team Sprint",2014,5,"World Cup",1106,18,26,1191.35147899292,1200.34518134994,NA,1257.88780078567,NA,0,"M"
2013-12-14,"Ramsau","Austria","Finland","Team Sprint",2014,5,"World Cup",1106,16,30,1340.27835374529,1350.28176671425,1314.17173503691,1371.78082307823,NA,0,"M"
2013-12-14,"Ramsau","Austria","France","Team Sprint",2014,5,"World Cup",1106,11,40,1523.76474345612,1522.84037345312,1319.82018633672,1342.94788195616,NA,0,"M"
2013-12-14,"Ramsau","Austria","Germany","Team Sprint",2014,5,"World Cup",1106,5,60,1515.16981847136,1510.54556371044,1378.35965480516,1390.6995329023,NA,0,"M"
2013-12-14,"Ramsau","Austria","Italy","Team Sprint",2014,5,"World Cup",1106,3,80,1351.29988123297,1340.64958588123,1290.49347713177,1309.04339177152,NA,0,"M"
2013-12-14,"Ramsau","Austria","Japan","Team Sprint",2014,5,"World Cup",1106,7,52,1511.49507273131,1518.63325837349,1263.99996412734,1289.62465725047,NA,0,"M"
2013-12-14,"Ramsau","Austria","Norway","Team Sprint",2014,5,"World Cup",1106,1,100,1569.74130092122,1557.15129633866,1317.93552265697,1326.05495382287,NA,0,"M"
2013-12-14,"Ramsau","Austria","Poland","Team Sprint",2014,5,"World Cup",1106,20,22,1272.45806959414,1283.28512585445,1280.75545602306,NA,NA,0,"M"
2013-12-14,"Ramsau","Austria","Russia","Team Sprint",2014,5,"World Cup",1106,17,28,1212.17267197312,1214.41904426915,NA,NA,NA,0,"M"
2013-12-14,"Ramsau","Austria","Slovenia","Team Sprint",2014,5,"World Cup",1106,8,49,1320.85631013882,1317.51962039919,NA,1271.26375240929,NA,0,"M"
2013-12-14,"Ramsau","Austria","USA","Team Sprint",2014,5,"World Cup",1106,4,70,1401.44172038972,1398.85604769991,1375.18687173655,1363.79429651486,NA,0,"M"
2014-01-12,"Chaux-Neuve","France","Austria","Team Sprint",2014,12,"World Cup",1098,8,49,1487.66233946048,1488.79982082698,1465.75420927869,1412.17809312713,NA,0,"M"
2014-01-12,"Chaux-Neuve","France","Czechia","Team Sprint",2014,12,"World Cup",1098,18,26,1230.36726803461,1231.9080094756,NA,NA,NA,0,"M"
2014-01-12,"Chaux-Neuve","France","Estonia","Team Sprint",2014,12,"World Cup",1098,11,40,1239.24752528255,1245.49307335034,NA,1263.88780078567,NA,0,"M"
2014-01-12,"Chaux-Neuve","France","Finland","Team Sprint",2014,12,"World Cup",1098,14,34,1345.39245484435,1355.91610439891,1314.17173503691,1371.78082307823,NA,0,"M"
2014-01-12,"Chaux-Neuve","France","France","Team Sprint",2014,12,"World Cup",1098,5,60,1502.78600141945,1498.46681444133,1319.82018633672,1342.94788195616,NA,0,"M"
2014-01-12,"Chaux-Neuve","France","Germany","Team Sprint",2014,12,"World Cup",1098,1,100,1573.34045567269,1565.24437229466,1378.35965480516,1390.6995329023,NA,0,"M"
2014-01-12,"Chaux-Neuve","France","Italy","Team Sprint",2014,12,"World Cup",1098,6,55,1358.7653320478,1358.63353381722,1259.81325427909,1279.98390512851,NA,0,"M"
2014-01-12,"Chaux-Neuve","France","Japan","Team Sprint",2014,12,"World Cup",1098,12,38,1356.88491520419,1356.33367132879,1247.53084022985,1316.21435827742,NA,0,"M"
2014-01-12,"Chaux-Neuve","France","Norway","Team Sprint",2014,12,"World Cup",1098,2,90,1601.51815758226,1593.26897836628,1397.5415422017,1350.72643288398,NA,0,"M"
2014-01-12,"Chaux-Neuve","France","Poland","Team Sprint",2014,12,"World Cup",1098,19,24,1217.8419510756,1223.47419399788,NA,NA,NA,0,"M"
2014-01-12,"Chaux-Neuve","France","Russia","Team Sprint",2014,12,"World Cup",1098,17,28,1191.37888353318,1193.33008013374,NA,NA,NA,0,"M"
2014-01-12,"Chaux-Neuve","France","USA","Team Sprint",2014,12,"World Cup",1098,7,52,1411.24089477575,1414.03209302958,1365.64008544702,1369.08684548198,NA,0,"M"
2014-01-12,"Chaux-Neuve","France","Ukraine","Team Sprint",2014,12,"World Cup",1098,20,22,1225.34019546821,1224.2300331032,NA,NA,NA,0,"M"
2014-03-01,"Lahti","Finland","Austria","Team Sprint",2014,22,"World Cup",86,9,46,1439.37115139699,1440.89370640755,1407.35891362345,1370.39539010925,NA,0,"M"
2014-03-01,"Lahti","Finland","Czechia","Team Sprint",2014,22,"World Cup",86,7,52,1352.77340990273,1353.33936382282,1260.27968387632,1288.73482164603,NA,0,"M"
2014-03-01,"Lahti","Finland","Estonia","Team Sprint",2014,22,"World Cup",86,12,38,1213.87688619926,1212.62733243862,NA,1263.88780078567,NA,0,"M"
2014-03-01,"Lahti","Finland","Finland","Team Sprint",2014,22,"World Cup",86,8,49,1240.78248622793,1236.93956002164,NA,NA,NA,0,"M"
2014-03-01,"Lahti","Finland","France","Team Sprint",2014,22,"World Cup",86,3,80,1362.92379810046,1358.63478422393,1268.44734178817,1338.8601290574,NA,0,"M"
2014-03-01,"Lahti","Finland","Germany","Team Sprint",2014,22,"World Cup",86,2,90,1634.79772720427,1631.35885610679,1403.2935102858,1402.45968602921,NA,0,"M"
2014-03-01,"Lahti","Finland","Italy","Team Sprint",2014,22,"World Cup",86,5,60,1386.48448902275,1391.00176322306,1290.49347713177,1286.16923245214,NA,0,"M"
2014-03-01,"Lahti","Finland","Japan","Team Sprint",2014,22,"World Cup",86,17,28,1346.13272947224,1352.53104909071,NA,1266.17644322887,NA,0,"M"
2014-03-01,"Lahti","Finland","Norway","Team Sprint",2014,22,"World Cup",86,1,100,1523.95431982575,1515.18704131066,1343.33941380673,1377.77143431137,NA,0,"M"
2014-03-01,"Lahti","Finland","Russia","Team Sprint",2014,22,"World Cup",86,16,30,1151.22673657059,1146.66514979161,NA,NA,NA,0,"M"
2014-03-01,"Lahti","Finland","Slovenia","Team Sprint",2014,22,"World Cup",86,10,43,1326.2794766098,1322.9193557801,NA,1271.26375240929,NA,0,"M"
2014-03-01,"Lahti","Finland","Switzerland","Team Sprint",2014,22,"World Cup",86,15,32,1313.02855864925,1316.56164751167,1275.61134977895,1289.05549094996,NA,0,"M"
2014-03-01,"Lahti","Finland","USA","Team Sprint",2014,22,"World Cup",86,14,34,1334.44683657521,1342.17811273702,1273.25201941154,1298.17644322887,NA,0,"M"
2014-11-30,"Kuusamo","Finland","Austria","Team Sprint",2015,2,"World Cup",388,5,60,1454.81507965461,1456.6346887328,1467.89858716618,1422.3138741894,NA,0,"M"
2014-11-30,"Kuusamo","Finland","Czechia","Team Sprint",2015,2,"World Cup",388,8,49,1292.71980917075,1292.3267955772,1286.76032299981,1302.43550308445,NA,0,"M"
2014-11-30,"Kuusamo","Finland","Estonia","Team Sprint",2015,2,"World Cup",388,15,32,1177.28950475782,1177.32330127869,NA,1251.88780078567,NA,0,"M"
2014-11-30,"Kuusamo","Finland","Finland","Team Sprint",2015,2,"World Cup",388,11,40,1331.92839369318,1335.64630616287,1314.17173503691,1371.78082307823,NA,0,"M"
2014-11-30,"Kuusamo","Finland","France","Team Sprint",2015,2,"World Cup",388,3,80,1483.64518890197,1476.22836063294,1319.82018633672,1342.94788195616,NA,0,"M"
2014-11-30,"Kuusamo","Finland","Germany","Team Sprint",2015,2,"World Cup",388,2,90,1605.05564720526,1602.79215683058,1426.58002142576,1403.08018827133,NA,0,"M"
2014-11-30,"Kuusamo","Finland","Italy","Team Sprint",2015,2,"World Cup",388,16,30,1345.8487493897,1348.8921534999,1290.49347713177,1292.6099175002,NA,0,"M"
2014-11-30,"Kuusamo","Finland","Japan","Team Sprint",2015,2,"World Cup",388,9,46,1468.31806727351,1474.74230908149,1263.99996412734,1289.62465725047,NA,0,"M"
2014-11-30,"Kuusamo","Finland","Norway","Team Sprint",2015,2,"World Cup",388,1,100,1564.13568372735,1555.09637710509,1328.74957803171,1346.52555115624,NA,0,"M"
2014-11-30,"Kuusamo","Finland","Poland","Team Sprint",2015,2,"World Cup",388,21,20,1211.14018505813,1224.03356917943,1280.75545602306,NA,NA,0,"M"
2014-11-30,"Kuusamo","Finland","Russia","Team Sprint",2015,2,"World Cup",388,22,19,1153.69139616135,1141.84104807553,NA,1233.14031663253,NA,0,"M"
2014-11-30,"Kuusamo","Finland","Slovenia","Team Sprint",2015,2,"World Cup",388,14,34,1309.86645109454,1306.8631881578,NA,1271.26375240929,NA,0,"M"
2014-11-30,"Kuusamo","Finland","USA","Team Sprint",2015,2,"World Cup",388,13,36,1327.19742475605,1332.77448517827,1273.25201941154,1298.17644322887,NA,0,"M"
2015-01-31,"Val Di Fiemme","Italy","Austria","Team Sprint",2015,17,"World Cup",1082,3,80,1481.76391050515,1486.94316357217,1374.91164207711,1360.26459685011,NA,0,"M"
2015-01-31,"Val Di Fiemme","Italy","Czechia","Team Sprint",2015,17,"World Cup",1082,12,38,1338.38713390477,1347.08380015076,1286.76032299981,1302.43550308445,NA,0,"M"
2015-01-31,"Val Di Fiemme","Italy","Estonia","Team Sprint",2015,17,"World Cup",1082,11,40,1177.38716140978,1178.45661330199,NA,1257.88780078567,NA,0,"M"
2015-01-31,"Val Di Fiemme","Italy","France","Team Sprint",2015,17,"World Cup",1082,5,60,1397.48515914541,1391.36755989457,1261.60958677519,1318.54417534869,NA,0,"M"
2015-01-31,"Val Di Fiemme","Italy","Germany","Team Sprint",2015,17,"World Cup",1082,2,90,1508.46097093119,1506.42154962992,NA,NA,NA,0,"M"
2015-01-31,"Val Di Fiemme","Italy","Italy","Team Sprint",2015,17,"World Cup",1082,8,49,1350.18350537552,1356.50153356969,1290.49347713177,1279.17103514632,NA,0,"M"
2015-01-31,"Val Di Fiemme","Italy","Norway","Team Sprint",2015,17,"World Cup",1082,1,100,1535.60013286063,1534.9094591073,1422.94543335145,1402.44291337247,NA,0,"M"
2015-01-31,"Val Di Fiemme","Italy","Slovenia","Team Sprint",2015,17,"World Cup",1082,7,52,1338.13596921006,1343.88275594039,NA,1271.26375240929,NA,0,"M"
2015-01-31,"Val Di Fiemme","Italy","USA","Team Sprint",2015,17,"World Cup",1082,13,36,1275.65609420814,1254.82006456741,NA,NA,NA,0,"M"
2015-02-28,"Falun","Sweden","Austria","Team Sprint",2015,22,"World Championship",204,7,52,1515.71562174626,1525.66205138996,1429.95771889933,1405.1220851714,NA,0,"M"
2015-02-28,"Falun","Sweden","Czechia","Team Sprint",2015,22,"World Championship",204,8,49,1391.61212624884,1402.04597944697,1260.27968387632,1288.73482164603,NA,0,"M"
2015-02-28,"Falun","Sweden","Estonia","Team Sprint",2015,22,"World Championship",204,11,40,1201.42209051161,1205.60913215948,NA,1263.88780078567,NA,0,"M"
2015-02-28,"Falun","Sweden","Finland","Team Sprint",2015,22,"World Championship",204,4,70,1356.17606330167,1361.82900936408,NA,NA,NA,0,"M"
2015-02-28,"Falun","Sweden","France","Team Sprint",2015,22,"World Championship",204,1,100,1591.89965847585,1590.01003291507,1387.85419964553,1393.39513096386,NA,0,"M"
2015-02-28,"Falun","Sweden","Germany","Team Sprint",2015,22,"World Championship",204,2,90,1720.25632879402,1724.1396525848,1399.99882160445,1380.18038425962,NA,0,"M"
2015-02-28,"Falun","Sweden","Italy","Team Sprint",2015,22,"World Championship",204,5,60,1433.32809224065,1438.65411355373,1290.49347713177,1309.04339177152,NA,0,"M"
2015-02-28,"Falun","Sweden","Japan","Team Sprint",2015,22,"World Championship",204,6,55,1593.13061788231,1615.17832904843,1293.89494855211,1284.16652799113,NA,0,"M"
2015-02-28,"Falun","Sweden","Norway","Team Sprint",2015,22,"World Championship",204,3,80,1655.22830651597,1657.57260679411,1415.90715837698,1392.74760186087,NA,0,"M"
2015-02-28,"Falun","Sweden","Slovenia","Team Sprint",2015,22,"World Championship",204,10,43,1315.37751542461,1318.38697759905,NA,1271.26375240929,NA,0,"M"
2015-02-28,"Falun","Sweden","USA","Team Sprint",2015,22,"World Championship",204,9,46,1445.11820752764,1457.45500025184,1273.25201941154,1298.17644322887,NA,0,"M"
2015-02-28,"Falun","Sweden","Ukraine","Team Sprint",2015,22,"World Championship",204,12,38,1226.98267083185,1224.74892664901,NA,NA,NA,0,"M"
2015-03-07,"Lahti","Finland","Austria","Team Sprint",2015,24,"World Cup",86,6,55,1490.51797703402,1494.07677879028,1386.40056741186,1367.7609174202,NA,0,"M"
2015-03-07,"Lahti","Finland","Czechia","Team Sprint",2015,24,"World Cup",86,5,60,1393.38116633966,1398.01487978912,1260.27968387632,1288.73482164603,NA,0,"M"
2015-03-07,"Lahti","Finland","Estonia","Team Sprint",2015,24,"World Cup",86,14,34,1203.09909994339,1209.07243620141,NA,1263.88780078567,NA,0,"M"
2015-03-07,"Lahti","Finland","Finland","Team Sprint",2015,24,"World Cup",86,12,38,1253.78942014973,1251.28423754542,NA,NA,NA,0,"M"
2015-03-07,"Lahti","Finland","France","Team Sprint",2015,24,"World Cup",86,2,90,1531.85274342147,1526.2562658635,1319.82018633672,1342.94788195616,NA,0,"M"
2015-03-07,"Lahti","Finland","Germany","Team Sprint",2015,24,"World Cup",86,1,100,1562.61433640489,1559.29729934476,1453.16122124708,1425.97999228304,NA,0,"M"
2015-03-07,"Lahti","Finland","Italy","Team Sprint",2015,24,"World Cup",86,10,43,1372.56195967201,1377.15514909101,1290.49347713177,1286.16923245214,NA,0,"M"
2015-03-07,"Lahti","Finland","Japan","Team Sprint",2015,24,"World Cup",86,7,52,1313.32113457234,1306.53226024551,NA,NA,NA,0,"M"
2015-03-07,"Lahti","Finland","Norway","Team Sprint",2015,24,"World Cup",86,3,80,1578.270827213,1571.85686214901,1336.30113883225,1368.07612279977,NA,0,"M"
2015-03-07,"Lahti","Finland","Slovenia","Team Sprint",2015,24,"World Cup",86,11,40,1312.11307337769,1314.79532899351,NA,1271.26375240929,NA,0,"M"
2015-03-07,"Lahti","Finland","USA","Team Sprint",2015,24,"World Cup",86,16,30,1291.24359116476,1296.02193051908,NA,NA,NA,0,"M"
2016-02-20,"Lahti","Finland","Austria","Team Sprint",2016,14,"World Cup",86,2,90,1502.35702365907,1500.97299894773,1374.91164207711,1360.26459685011,NA,0,"M"
2016-02-20,"Lahti","Finland","Estonia","Team Sprint",2016,14,"World Cup",86,13,36,1164.71065225682,1169.81219326682,NA,1257.88780078567,NA,0,"M"
2016-02-20,"Lahti","Finland","Finland","Team Sprint",2016,14,"World Cup",86,10,43,1206.99259339434,1198.01831533038,NA,NA,NA,0,"M"
2016-02-20,"Lahti","Finland","France","Team Sprint",2016,14,"World Cup",86,6,55,1508.28856003488,1510.30818706796,1264.5952455095,1324.27176404021,NA,0,"M"
2016-02-20,"Lahti","Finland","Germany","Team Sprint",2016,14,"World Cup",86,1,100,1601.62572935822,1599.77598285892,1356.72048800587,1401.21868154497,NA,0,"M"
2016-02-20,"Lahti","Finland","Italy","Team Sprint",2016,14,"World Cup",86,7,52,1318.50762813067,1319.8881973637,NA,1274.73215279245,NA,0,"M"
2016-02-20,"Lahti","Finland","Japan","Team Sprint",2016,14,"World Cup",86,8,49,1319.01646737934,1325.16703727571,NA,1260.17644322887,NA,0,"M"
2016-02-20,"Lahti","Finland","Norway","Team Sprint",2016,14,"World Cup",86,5,60,1633.16559177548,1632.69164333979,1336.30113883225,1368.07612279977,NA,0,"M"
2016-02-20,"Lahti","Finland","Poland","Team Sprint",2016,14,"World Cup",86,9,46,1244.13084038206,1247.12763212887,NA,NA,NA,0,"M"
2016-02-20,"Lahti","Finland","Russia","Team Sprint",2016,14,"World Cup",86,15,32,1146.22243652361,1150.58307003198,NA,NA,NA,0,"M"
2016-02-26,"Val Di Fiemme","Italy","Austria","Team Sprint",2016,17,"World Cup",1082,4,70,1539.32836830943,1541.96867135366,1374.91164207711,1360.26459685011,NA,0,"M"
2016-02-26,"Val Di Fiemme","Italy","Estonia","Team Sprint",2016,17,"World Cup",1082,14,34,1197.70006945202,1195.47132182831,NA,1263.88780078567,NA,0,"M"
2016-02-26,"Val Di Fiemme","Italy","France","Team Sprint",2016,17,"World Cup",1082,3,80,1386.32840894303,1386.9163823483,1264.5952455095,1324.27176404021,NA,0,"M"
2016-02-26,"Val Di Fiemme","Italy","Germany","Team Sprint",2016,17,"World Cup",1082,2,90,1370.48739796613,1362.91995998797,1404.94085462648,1413.599336914,NA,0,"M"
2016-02-26,"Val Di Fiemme","Italy","Italy","Team Sprint",2016,17,"World Cup",1082,11,40,1252.2503236837,1256.18400876766,NA,1273.28786235603,NA,0,"M"
2016-02-26,"Val Di Fiemme","Italy","Japan","Team Sprint",2016,17,"World Cup",1082,7,52,1353.52773965249,1357.33097711963,NA,1266.17644322887,NA,0,"M"
2016-02-26,"Val Di Fiemme","Italy","Norway","Team Sprint",2016,17,"World Cup",1082,1,100,1598.43836862879,1596.48573147525,1422.94543335145,1402.44291337247,NA,0,"M"
2016-02-26,"Val Di Fiemme","Italy","Russia","Team Sprint",2016,17,"World Cup",1082,13,36,1139.09497511501,1144.69735461918,NA,NA,NA,0,"M"
2016-02-26,"Val Di Fiemme","Italy","Slovenia","Team Sprint",2016,17,"World Cup",1082,10,43,1254.44763781574,1255.50627782976,NA,1271.26375240929,NA,0,"M"
2016-02-26,"Val Di Fiemme","Italy","South Korea","Team Sprint",2016,17,"World Cup",1082,15,32,1278.66075651688,1266.70056161483,NA,NA,NA,0,"M"
2016-02-26,"Val Di Fiemme","Italy","USA","Team Sprint",2016,17,"World Cup",1082,6,55,1411.75799471537,1414.73035139967,1273.25201941154,1298.17644322887,NA,0,"M"
2017-01-14,"Val Di Fiemme","Italy","Austria","Team Sprint",2017,11,"World Cup",1082,7,52,1293.85016439858,1288.08729849709,NA,NA,NA,0,"M"
2017-01-14,"Val Di Fiemme","Italy","Czechia","Team Sprint",2017,11,"World Cup",1082,2,90,1322.46698607662,1325.26478628708,1260.27968387632,1288.73482164603,NA,0,"M"
2017-01-14,"Val Di Fiemme","Italy","Estonia","Team Sprint",2017,11,"World Cup",1082,11,40,1213.41553620371,1219.36402490512,NA,1263.88780078567,NA,0,"M"
2017-01-14,"Val Di Fiemme","Italy","Finland","Team Sprint",2017,11,"World Cup",1082,4,70,1359.76589169797,1357.77072724315,NA,NA,NA,0,"M"
2017-01-14,"Val Di Fiemme","Italy","France","Team Sprint",2017,11,"World Cup",1082,9,46,1412.71403038273,1415.73721929185,1281.25641426976,1370.63126014915,NA,0,"M"
2017-01-14,"Val Di Fiemme","Italy","Germany","Team Sprint",2017,11,"World Cup",1082,5,60,1481.70966378176,1481.33571434214,NA,NA,NA,0,"M"
2017-01-14,"Val Di Fiemme","Italy","Italy","Team Sprint",2017,11,"World Cup",1082,3,80,1329.96920931409,1336.06416056618,1290.49347713177,1291.16562706378,NA,0,"M"
2017-01-14,"Val Di Fiemme","Italy","Japan","Team Sprint",2017,11,"World Cup",1082,12,38,1263.35960223904,1267.71503720219,1234.10497970257,1277.35867949902,NA,0,"M"
2017-01-14,"Val Di Fiemme","Italy","Norway","Team Sprint",2017,11,"World Cup",1082,1,100,1545.96840798055,1538.75036025154,NA,NA,NA,0,"M"
2017-01-14,"Val Di Fiemme","Italy","Russia","Team Sprint",2017,11,"World Cup",1082,14,34,1217.60099122873,1223.19718766304,NA,NA,NA,0,"M"
2017-01-14,"Val Di Fiemme","Italy","USA","Team Sprint",2017,11,"World Cup",1082,8,49,1373.92230122482,1379.27116153643,1273.25201941154,1298.17644322887,NA,0,"M"
2017-03-03,"Lahti","Finland","Austria","Team Sprint",2017,25,"World Championship",86,4,70,1542.13126382653,1541.77840246127,1381.72720022349,1376.7460328479,NA,0,"M"
2017-03-03,"Lahti","Finland","Czechia","Team Sprint",2017,25,"World Championship",86,8,49,1347.63063638913,1350.96259467253,1260.27968387632,1288.73482164603,NA,0,"M"
2017-03-03,"Lahti","Finland","Estonia","Team Sprint",2017,25,"World Championship",86,12,38,1212.18829131219,1214.68714128976,NA,NA,NA,0,"M"
2017-03-03,"Lahti","Finland","Finland","Team Sprint",2017,25,"World Championship",86,7,52,1500.43671513215,1502.05961205589,NA,NA,NA,0,"M"
2017-03-03,"Lahti","Finland","France","Team Sprint",2017,25,"World Championship",86,5,60,1469.63988125937,1472.55257630859,1264.5952455095,1324.27176404021,NA,0,"M"
2017-03-03,"Lahti","Finland","Germany","Team Sprint",2017,25,"World Championship",86,1,100,1784.7245774457,1782.35474960369,1399.99882160445,1380.18038425962,NA,0,"M"
2017-03-03,"Lahti","Finland","Italy","Team Sprint",2017,25,"World Championship",86,6,55,1448.38144880024,1452.28294654648,1290.49347713177,1309.04339177152,NA,0,"M"
2017-03-03,"Lahti","Finland","Japan","Team Sprint",2017,25,"World Championship",86,3,80,1568.59438468213,1571.02192106619,1293.89494855211,1284.16652799113,NA,0,"M"
2017-03-03,"Lahti","Finland","Norway","Team Sprint",2017,25,"World Championship",86,2,90,1548.00228184948,1541.64634621053,1495.5131779217,1417.41908092197,NA,0,"M"
2017-03-03,"Lahti","Finland","Poland","Team Sprint",2017,25,"World Championship",86,10,43,1197.6443832278,1197.51635673844,NA,NA,NA,0,"M"
2017-03-03,"Lahti","Finland","Russia","Team Sprint",2017,25,"World Championship",86,13,36,1231.30485507747,1234.87750921969,NA,NA,NA,0,"M"
2017-03-03,"Lahti","Finland","Slovenia","Team Sprint",2017,25,"World Championship",86,11,40,1245.09460714244,1247.25193448631,NA,1273.88780078567,NA,0,"M"
2017-03-03,"Lahti","Finland","USA","Team Sprint",2017,25,"World Championship",86,9,46,1360.02701124917,1366.46257285726,1273.25201941154,1298.17644322887,NA,0,"M"
2017-03-03,"Lahti","Finland","Ukraine","Team Sprint",2017,25,"World Championship",86,14,34,1239.71713353185,1243.55609780331,NA,NA,NA,0,"M"
2018-01-13,"Val Di Fiemme","Italy","Austria","Team Sprint",2018,9,"World Cup",1082,5,60,1451.89368260022,1450.17523521105,1374.91164207711,1360.26459685011,NA,0,"M"
2018-01-13,"Val Di Fiemme","Italy","Czechia","Team Sprint",2018,9,"World Cup",1082,13,36,1244.36433772176,1245.33700511557,1260.27968387632,1288.73482164603,NA,0,"M"
2018-01-13,"Val Di Fiemme","Italy","Estonia","Team Sprint",2018,9,"World Cup",1082,18,26,1206.37569014098,1179.31279927392,NA,1257.88780078567,NA,0,"M"
2018-01-13,"Val Di Fiemme","Italy","Finland","Team Sprint",2018,9,"World Cup",1082,4,70,1442.81954304292,1443.42616537757,1486.02245172389,1434.71955508883,NA,0,"M"
2018-01-13,"Val Di Fiemme","Italy","France","Team Sprint",2018,9,"World Cup",1082,8,49,1485.79221298321,1481.97564187628,1371.19303088527,1347.03563485492,NA,0,"M"
2018-01-13,"Val Di Fiemme","Italy","Germany","Team Sprint",2018,9,"World Cup",1082,1,100,1646.14810039111,1641.55125909868,1399.99882160445,1380.18038425962,NA,0,"M"
2018-01-13,"Val Di Fiemme","Italy","Italy","Team Sprint",2018,9,"World Cup",1082,14,34,1290.869439432,1292.77671541763,1290.49347713177,1292.6099175002,NA,0,"M"
2018-01-13,"Val Di Fiemme","Italy","Japan","Team Sprint",2018,9,"World Cup",1082,6,55,1410.14480438275,1410.60523631637,1293.89494855211,1284.16652799113,NA,0,"M"
2018-01-13,"Val Di Fiemme","Italy","Norway","Team Sprint",2018,9,"World Cup",1082,3,80,1483.13565800949,1475.52725208884,1397.5415422017,1350.72643288398,NA,0,"M"
2018-01-13,"Val Di Fiemme","Italy","Poland","Team Sprint",2018,9,"World Cup",1082,11,40,1216.66001378732,1214.1971352742,NA,NA,NA,0,"M"
2018-01-13,"Val Di Fiemme","Italy","Russia","Team Sprint",2018,9,"World Cup",1082,17,28,1230.69910421166,1220.70221152381,NA,NA,NA,0,"M"
2018-01-13,"Val Di Fiemme","Italy","USA","Team Sprint",2018,9,"World Cup",1082,9,46,1351.35994489152,1355.41813814167,1273.25201941154,1298.17644322887,NA,0,"M"
2018-01-13,"Val Di Fiemme","Italy","Ukraine","Team Sprint",2018,9,"World Cup",1082,16,30,1231.45639593723,1233.51884581736,NA,NA,NA,0,"M"
2018-03-03,"Lahti","Finland","Austria","Team Sprint",2018,21,"World Cup",86,1,100,1464.57017079566,1458.67295774346,1381.72720022349,1376.7460328479,NA,0,"M"
2018-03-03,"Lahti","Finland","Czechia","Team Sprint",2018,21,"World Cup",86,16,30,1266.50245143417,1271.81978024583,NA,NA,NA,0,"M"
2018-03-03,"Lahti","Finland","Finland","Team Sprint",2018,21,"World Cup",86,3,80,1449.4816242788,1447.67110722716,1486.02245172389,1434.71955508883,NA,0,"M"
2018-03-03,"Lahti","Finland","France","Team Sprint",2018,21,"World Cup",86,8,49,1364.55991684691,1390.44296489702,1281.25641426976,1370.63126014915,NA,0,"M"
2018-03-03,"Lahti","Finland","Germany","Team Sprint",2018,21,"World Cup",86,5,60,1675.01643289138,1670.94865344429,1399.99882160445,1380.18038425962,NA,0,"M"
2018-03-03,"Lahti","Finland","Italy","Team Sprint",2018,21,"World Cup",86,13,36,1316.87673358084,1322.58510597014,1290.49347713177,1309.04339177152,NA,0,"M"
2018-03-03,"Lahti","Finland","Japan","Team Sprint",2018,21,"World Cup",86,11,40,1319.57179425488,1317.68287652686,1234.10497970257,1300.54091576917,NA,0,"M"
2018-03-03,"Lahti","Finland","Norway","Team Sprint",2018,21,"World Cup",86,2,90,1565.04487139343,1558.18440684634,1324.97379763145,1335.75026533448,NA,0,"M"
2018-03-03,"Lahti","Finland","Poland","Team Sprint",2018,21,"World Cup",86,10,43,1230.99964906265,1232.8091976452,NA,NA,NA,0,"M"
2018-03-03,"Lahti","Finland","Slovenia","Team Sprint",2018,21,"World Cup",86,15,32,1227.69284571566,1232.22932353124,NA,1273.88780078567,NA,0,"M"
2018-03-03,"Lahti","Finland","USA","Team Sprint",2018,21,"World Cup",86,14,34,1204.15414729518,1210.43157043869,NA,NA,NA,0,"M"
2019-01-12,"Val Di Fiemme","Italy","Austria","Team Sprint",2019,11,"World Cup",1082,5,60,1455.22590705654,1455.59633560161,1326.68112340127,1319.66435509992,NA,0,"M"
2019-01-12,"Val Di Fiemme","Italy","Czechia","Team Sprint",2019,11,"World Cup",1082,12,38,1244.30352527598,1247.3079926141,NA,1272.64529590721,NA,0,"M"
2019-01-12,"Val Di Fiemme","Italy","Finland","Team Sprint",2019,11,"World Cup",1082,8,49,1408.90326796543,1412.31877200056,NA,1290.64529590721,NA,0,"M"
2019-01-12,"Val Di Fiemme","Italy","France","Team Sprint",2019,11,"World Cup",1082,9,46,1435.99731486018,1438.30166123696,1281.25641426976,1333.65170466907,NA,0,"M"
2019-01-12,"Val Di Fiemme","Italy","Germany","Team Sprint",2019,11,"World Cup",1082,2,90,1654.05351524779,1643.94786466195,1399.99882160445,1354.91217722811,NA,0,"M"
2019-01-12,"Val Di Fiemme","Italy","Italy","Team Sprint",2019,11,"World Cup",1082,4,70,1338.86352039016,1337.49068882827,1290.49347713177,1301.74336366654,NA,0,"M"
2019-01-12,"Val Di Fiemme","Italy","Japan","Team Sprint",2019,11,"World Cup",1082,11,40,1338.53564979867,1341.35904630413,NA,1274.10347218187,NA,0,"M"
2019-01-12,"Val Di Fiemme","Italy","Norway","Team Sprint",2019,11,"World Cup",1082,1,100,1544.2650785773,1538.26435387622,1350.3776887812,1341.00940412852,NA,0,"M"
2019-01-12,"Val Di Fiemme","Italy","Poland","Team Sprint",2019,11,"World Cup",1082,17,28,1240.56475946758,1247.20971585812,NA,NA,NA,0,"M"
2019-01-12,"Val Di Fiemme","Italy","Russia","Team Sprint",2019,11,"World Cup",1082,16,30,1184.31463694089,1190.45250208744,NA,1260.64529590721,NA,0,"M"
2019-01-12,"Val Di Fiemme","Italy","USA","Team Sprint",2019,11,"World Cup",1082,10,43,1230.40509693643,1234.81115900945,NA,1270.64529590721,NA,0,"M"
2019-01-12,"Val Di Fiemme","Italy","Ukraine","Team Sprint",2019,11,"World Cup",1082,18,26,1191.90227513873,1197.46577977346,NA,1266.64529590721,NA,0,"M"
2019-02-09,"Lahti","Finland","Austria","Team Sprint",2019,20,"World Cup",86,3,80,1496.3280902147,1494.51333163376,1381.72720022349,1362.045787201,NA,0,"M"
2019-02-09,"Lahti","Finland","Finland","Team Sprint",2019,20,"World Cup",86,1,100,1414.83813101692,1413.13880654137,NA,1285.97862924054,NA,0,"M"
2019-02-09,"Lahti","Finland","France","Team Sprint",2019,20,"World Cup",86,9,46,1361.43072298091,1363.70111753672,1264.5952455095,1305.58585768892,NA,0,"M"
2019-02-09,"Lahti","Finland","Germany","Team Sprint",2019,20,"World Cup",86,11,40,1278.31252389008,1273.89051100847,NA,NA,NA,0,"M"
2019-02-09,"Lahti","Finland","Italy","Team Sprint",2019,20,"World Cup",86,7,52,1318.14405682038,1314.26708937006,1290.49347713177,1308.8625081836,NA,0,"M"
2019-02-09,"Lahti","Finland","Japan","Team Sprint",2019,20,"World Cup",86,5,60,1404.88851066778,1404.01951255499,NA,1294.64529590721,NA,0,"M"
2019-02-09,"Lahti","Finland","Norway","Team Sprint",2019,20,"World Cup",86,2,90,1547.19411923566,1542.04101550271,NA,1329.64529590721,NA,0,"M"
2019-02-09,"Lahti","Finland","Poland","Team Sprint",2019,20,"World Cup",86,12,38,1244.44622527508,1248.58717398191,NA,1292.64529590721,NA,0,"M"
2019-02-24,"Seefeld","Austria","Austria","Team Sprint",2019,23,"World Championship",1203,3,80,1570.90538322869,1570.36485637958,1429.95771889933,1365.88369053931,NA,0,"M"
2019-02-24,"Seefeld","Austria","China","Team Sprint",2019,23,"World Championship",1203,15,32,1273.19448373991,1276.7627627655,NA,NA,NA,0,"M"
2019-02-24,"Seefeld","Austria","Czechia","Team Sprint",2019,23,"World Championship",1203,10,43,1278.98644181905,1282.63891827539,NA,1280.64529590721,NA,0,"M"
2019-02-24,"Seefeld","Austria","Finland","Team Sprint",2019,23,"World Championship",1203,7,52,1559.1802583303,1559.88841700947,NA,1312.64529590721,NA,0,"M"
2019-02-24,"Seefeld","Austria","France","Team Sprint",2019,23,"World Championship",1203,6,55,1401.57193838658,1401.56370770417,1247.93407674924,1293.52001070877,NA,0,"M"
2019-02-24,"Seefeld","Austria","Germany","Team Sprint",2019,23,"World Championship",1203,1,100,1683.97363184096,1674.35291890326,1399.99882160445,1373.17905854901,NA,0,"M"
2019-02-24,"Seefeld","Austria","Italy","Team Sprint",2019,23,"World Championship",1203,5,60,1351.54282527166,1345.80937321902,1290.49347713177,1323.29693273639,NA,0,"M"
2019-02-24,"Seefeld","Austria","Japan","Team Sprint",2019,23,"World Championship",1203,4,70,1617.0339532507,1618.40644006495,1293.89494855211,1319.49274754212,NA,0,"M"
2019-02-24,"Seefeld","Austria","Kazakhstan","Team Sprint",2019,23,"World Championship",1203,14,34,1257.51955355154,1259.93724227115,NA,NA,NA,0,"M"
2019-02-24,"Seefeld","Austria","Norway","Team Sprint",2019,23,"World Championship",1203,2,90,1663.96591294179,1663.15468811859,1350.3776887812,1360.87351234984,NA,0,"M"
2019-02-24,"Seefeld","Austria","Poland","Team Sprint",2019,23,"World Championship",1203,8,49,1252.96668811014,1257.08597209397,NA,1288.64529590721,NA,0,"M"
2019-02-24,"Seefeld","Austria","Russia","Team Sprint",2019,23,"World Championship",1203,12,38,1171.66801204658,1176.39680864123,NA,1260.64529590721,NA,0,"M"
2019-02-24,"Seefeld","Austria","Slovenia","Team Sprint",2019,23,"World Championship",1203,11,40,1261.6155731205,1263.32566384516,NA,1282.64529590721,NA,0,"M"
2019-02-24,"Seefeld","Austria","USA","Team Sprint",2019,23,"World Championship",1203,9,46,1208.94145158986,1208.17229951487,NA,1270.64529590721,NA,0,"M"
2019-02-24,"Seefeld","Austria","Ukraine","Team Sprint",2019,23,"World Championship",1203,13,36,1176.76254307974,1182.36673442836,NA,1266.64529590721,NA,0,"M"
2020-01-12,"Val Di Fiemme","Italy","Austria","Team Sprint",2020,10,"World Cup",1082,3,80,1550.66406657946,1546.95817423875,1319.86556525489,1313.97841914744,NA,0,"M"
2020-01-12,"Val Di Fiemme","Italy","Czechia","Team Sprint",2020,10,"World Cup",1082,11,40,1262.9706733714,1263.68443607765,NA,1272.64529590721,NA,0,"M"
2020-01-12,"Val Di Fiemme","Italy","Finland","Team Sprint",2020,10,"World Cup",1082,6,55,1395.56720199627,1393.77362099331,NA,1281.31196257388,NA,0,"M"
2020-01-12,"Val Di Fiemme","Italy","France","Team Sprint",2020,10,"World Cup",1082,10,43,1325.97176652345,1322.03296250479,NA,1308.64529590721,NA,0,"M"
2020-01-12,"Val Di Fiemme","Italy","Germany","Team Sprint",2020,10,"World Cup",1082,2,90,1645.36148700612,1641.43915886373,1399.99882160445,1354.91217722811,NA,0,"M"
2020-01-12,"Val Di Fiemme","Italy","Italy","Team Sprint",2020,10,"World Cup",1082,7,52,1333.54778225413,1331.57220851387,1290.49347713177,1299.96884672671,NA,0,"M"
2020-01-12,"Val Di Fiemme","Italy","Japan","Team Sprint",2020,10,"World Cup",1082,9,46,1408.69097054448,1412.14459286524,1293.89494855211,1310.50738185429,NA,0,"M"
2020-01-12,"Val Di Fiemme","Italy","Norway","Team Sprint",2020,10,"World Cup",1082,1,100,1655.79182961107,1653.20784197116,NA,1332.97862924054,NA,0,"M"
2020-01-12,"Val Di Fiemme","Italy","Poland","Team Sprint",2020,10,"World Cup",1082,17,28,1239.3844269679,1246.04712799666,NA,NA,NA,0,"M"
2020-01-12,"Val Di Fiemme","Italy","Russia","Team Sprint",2020,10,"World Cup",1082,18,26,1197.03219426126,1169.14114429451,NA,1260.64529590721,NA,0,"M"
2020-01-12,"Val Di Fiemme","Italy","Slovenia","Team Sprint",2020,10,"World Cup",1082,20,22,1244.19849782206,1252.5652655586,NA,NA,NA,0,"M"
2020-01-12,"Val Di Fiemme","Italy","USA","Team Sprint",2020,10,"World Cup",1082,13,36,1197.97504973988,1194.74350981623,NA,1270.64529590721,NA,0,"M"
2020-02-29,"Lahti","Finland","Austria","Team Sprint",2020,18,"World Cup",86,5,60,1482.99014796688,1478.82965196393,1319.86556525489,1314.31154238768,NA,0,"M"
2020-02-29,"Lahti","Finland","China","Team Sprint",2020,18,"World Cup",86,15,32,1252.12729165568,1216.85073160274,NA,NA,NA,0,"M"
2020-02-29,"Lahti","Finland","Czechia","Team Sprint",2020,18,"World Cup",86,10,43,1295.58182455293,1297.56828632986,NA,1280.64529590721,NA,0,"M"
2020-02-29,"Lahti","Finland","Finland","Team Sprint",2020,18,"World Cup",86,8,49,1389.83096931063,1390.19781166388,NA,1285.97862924054,NA,0,"M"
2020-02-29,"Lahti","Finland","France","Team Sprint",2020,18,"World Cup",86,9,46,1369.92321764896,1367.61206264965,NA,1308.64529590721,NA,0,"M"
2020-02-29,"Lahti","Finland","Germany","Team Sprint",2020,18,"World Cup",86,2,90,1596.92890995943,1591.00945460808,NA,1327.14529590721,NA,0,"M"
2020-02-29,"Lahti","Finland","Italy","Team Sprint",2020,18,"World Cup",86,11,40,1393.23294171412,1396.02290927912,1290.49347713177,1315.9711143218,NA,0,"M"
2020-02-29,"Lahti","Finland","Japan","Team Sprint",2020,18,"World Cup",86,7,52,1515.99328615482,1517.08418598052,1293.89494855211,1342.23155374847,NA,0,"M"
2020-02-29,"Lahti","Finland","Norway","Team Sprint",2020,18,"World Cup",86,1,100,1688.89068002316,1683.34207857527,NA,1332.97862924054,NA,0,"M"
2020-02-29,"Lahti","Finland","USA","Team Sprint",2020,18,"World Cup",86,13,36,1169.70226351191,1171.49051599026,NA,1264.64529590721,NA,0,"M"
2021-01-16,"Val Di Fiemme","Italy","Austria","Team Sprint",2021,7,"World Cup",1082,2,90,1517.72204583019,1516.07944624966,1319.86556525489,1309.75612689419,NA,0,"M"
2021-01-16,"Val Di Fiemme","Italy","Czechia","Team Sprint",2021,7,"World Cup",1082,14,34,1215.70624303351,1216.48179407678,NA,NA,NA,0,"M"
2021-01-16,"Val Di Fiemme","Italy","Finland","Team Sprint",2021,7,"World Cup",1082,3,80,1381.41678469101,1383.03704940825,NA,1285.97862924054,NA,0,"M"
2021-01-16,"Val Di Fiemme","Italy","France","Team Sprint",2021,7,"World Cup",1082,13,36,1287.42715708839,1287.69835432817,NA,1324.64529590721,NA,0,"M"
2021-01-16,"Val Di Fiemme","Italy","Germany","Team Sprint",2021,7,"World Cup",1082,1,100,1554.51237595597,1549.49725136433,1399.99882160445,1361.66780433508,NA,0,"M"
2021-01-16,"Val Di Fiemme","Italy","Italy","Team Sprint",2021,7,"World Cup",1082,9,46,1323.43624476303,1323.47275732017,1290.49347713177,1308.8625081836,NA,0,"M"
2021-01-16,"Val Di Fiemme","Italy","Japan","Team Sprint",2021,7,"World Cup",1082,7,52,1456.46877551417,1459.12127796194,1293.89494855211,1308.54359699715,NA,0,"M"
2021-01-16,"Val Di Fiemme","Italy","Norway","Team Sprint",2021,7,"World Cup",1082,5,60,1482.5653018537,1478.68329043112,NA,1326.14529590721,NA,0,"M"
2021-01-16,"Val Di Fiemme","Italy","USA","Team Sprint",2021,7,"World Cup",1082,12,38,1206.21867629431,1209.17726588788,NA,1264.64529590721,NA,0,"M"
2021-01-23,"Lahti","Finland","Austria","Team Sprint",2021,9,"World Cup",86,6,55,1464.55028030188,1467.58346347814,1374.91164207711,1349.24838998226,NA,0,"M"
2021-01-23,"Lahti","Finland","Czechia","Team Sprint",2021,9,"World Cup",86,13,36,1207.36108922595,1209.56489738637,NA,NA,NA,0,"M"
2021-01-23,"Lahti","Finland","Finland","Team Sprint",2021,9,"World Cup",86,7,52,1385.98355819013,1385.72046969654,NA,1290.64529590721,NA,0,"M"
2021-01-23,"Lahti","Finland","France","Team Sprint",2021,9,"World Cup",86,11,40,1284.1678813389,1285.45541752807,NA,1308.64529590721,NA,0,"M"
2021-01-23,"Lahti","Finland","Germany","Team Sprint",2021,9,"World Cup",86,2,90,1636.22534276992,1631.29551562818,1399.99882160445,1346.91217722811,NA,0,"M"
2021-01-23,"Lahti","Finland","Italy","Team Sprint",2021,9,"World Cup",86,9,46,1326.21534027884,1329.72492562961,1290.49347713177,1308.8625081836,NA,0,"M"
2021-01-23,"Lahti","Finland","Japan","Team Sprint",2021,9,"World Cup",86,3,80,1380.56055547086,1379.73625922467,1293.89494855211,1342.23155374847,NA,0,"M"
2021-01-23,"Lahti","Finland","Norway","Team Sprint",2021,9,"World Cup",86,1,100,1684.19684088503,1681.4596513746,NA,1332.97862924054,NA,0,"M"
2021-03-06,"Oberstdorf","Germany","Austria","Team Sprint",2021,19,"World Championship",932,1,100,1619.06761388397,1616.14992125285,NA,1300.64529590721,NA,0,"M"
2021-03-06,"Oberstdorf","Germany","Czechia","Team Sprint",2021,19,"World Championship",932,7,52,1244.56144234992,1243.81805521629,NA,NA,NA,0,"M"
2021-03-06,"Oberstdorf","Germany","Estonia","Team Sprint",2021,19,"World Championship",932,8,49,1321.02157724933,1327.21331278035,NA,1261.44850152113,NA,0,"M"
2021-03-06,"Oberstdorf","Germany","Finland","Team Sprint",2021,19,"World Championship",932,5,60,1590.87926423293,1595.75990548728,NA,1312.64529590721,NA,0,"M"
2021-03-06,"Oberstdorf","Germany","France","Team Sprint",2021,19,"World Championship",932,6,55,1375.96095959082,1377.70125513003,NA,1292.64529590721,NA,0,"M"
2021-03-06,"Oberstdorf","Germany","Germany","Team Sprint",2021,19,"World Championship",932,3,80,1733.37316751376,1732.27411297971,1399.99882160445,1373.17905854901,NA,0,"M"
2021-03-06,"Oberstdorf","Germany","Japan","Team Sprint",2021,19,"World Championship",932,4,70,1624.9210818091,1629.85384864055,1293.89494855211,1342.23155374847,NA,0,"M"
2021-03-06,"Oberstdorf","Germany","Kazakhstan","Team Sprint",2021,19,"World Championship",932,14,34,1211.5090243059,1220.84837931369,NA,NA,NA,0,"M"
2021-03-06,"Oberstdorf","Germany","Norway","Team Sprint",2021,19,"World Championship",932,2,90,1681.41103885372,1678.94703735415,NA,1346.64529590721,NA,0,"M"
2021-03-06,"Oberstdorf","Germany","Poland","Team Sprint",2021,19,"World Championship",932,11,40,1264.78336909949,1266.49519117571,NA,NA,NA,0,"M"
2021-03-06,"Oberstdorf","Germany","Russia","Team Sprint",2021,19,"World Championship",932,13,36,1214.18258241722,1219.13351732461,NA,NA,NA,0,"M"
2021-03-06,"Oberstdorf","Germany","Slovenia","Team Sprint",2021,19,"World Championship",932,10,43,1226.11732893457,1224.57661621859,NA,1282.64529590721,NA,0,"M"
2021-03-06,"Oberstdorf","Germany","USA","Team Sprint",2021,19,"World Championship",932,9,46,1192.77290980924,1190.39218839879,NA,1270.64529590721,NA,0,"M"
2021-03-06,"Oberstdorf","Germany","Ukraine","Team Sprint",2021,19,"World Championship",932,12,38,1156.79433484851,1162.43605127661,NA,1266.64529590721,NA,0,"M"
2022-02-26,"Lahti","Finland","Austria","Team Sprint",2022,20,"World Cup",86,2,90,1488.13063128919,1490.29638481143,1319.86556525489,1302.04314306869,NA,0,"M"
2022-02-26,"Lahti","Finland","Czechia","Team Sprint",2022,20,"World Cup",86,11,40,1228.56140313847,1227.96907066901,NA,1264.64529590721,NA,0,"M"
2022-02-26,"Lahti","Finland","Finland","Team Sprint",2022,20,"World Cup",86,6,55,1382.16225349226,1384.33362701025,NA,1308.93843964976,NA,0,"M"
2022-02-26,"Lahti","Finland","France","Team Sprint",2022,20,"World Cup",86,7,52,1316.62229793427,1314.92051589123,NA,1294.01740011186,NA,0,"M"
2022-02-26,"Lahti","Finland","Germany","Team Sprint",2022,20,"World Cup",86,4,70,1633.95433533634,1630.64669582769,NA,1348.49821216916,NA,0,"M"
2022-02-26,"Lahti","Finland","Italy","Team Sprint",2022,20,"World Cup",86,12,38,1281.98795545882,1290.74254264829,1290.49347713177,1299.55526622103,NA,0,"M"
2022-02-26,"Lahti","Finland","Japan","Team Sprint",2022,20,"World Cup",86,9,46,1261.94629116234,1251.99895192781,NA,1304.84904117111,NA,0,"M"
2022-02-26,"Lahti","Finland","Norway","Team Sprint",2022,20,"World Cup",86,1,100,1606.34005478076,1594.9576052239,NA,1338.06952628623,NA,0,"M"
2022-02-26,"Lahti","Finland","Russia","Team Sprint",2022,20,"World Cup",86,14,34,1178.22378106389,1185.14044203369,NA,1240.98186044788,NA,0,"M"
2023-03-24,"Lahti","Finland","Austria","Team Sprint",2023,24,"World Cup",86,4,70,1633.72268452651,1624.25434407584,NA,1365.22535341173,NA,0,"M"
2023-03-24,"Lahti","Finland","China","Team Sprint",2023,24,"World Cup",86,17,28,1259.18420830169,1216.85073160274,NA,NA,NA,0,"M"
2023-03-24,"Lahti","Finland","Czechia","Team Sprint",2023,24,"World Cup",86,13,36,1264.15470708092,1268.14380836112,NA,1270.2381335631,NA,0,"M"
2023-03-24,"Lahti","Finland","Finland","Team Sprint",2023,24,"World Cup",86,7,52,1409.62309859341,1445.44462059183,NA,1322.00305470077,NA,0,"M"
2023-03-24,"Lahti","Finland","France","Team Sprint",2023,24,"World Cup",86,3,80,1416.45423200299,1407.85672992151,NA,1317.79141380999,NA,0,"M"
2023-03-24,"Lahti","Finland","Germany","Team Sprint",2023,24,"World Cup",86,1,100,1616.8835815588,1616.41020493253,NA,1349.45638334442,NA,0,"M"
2023-03-24,"Lahti","Finland","Italy","Team Sprint",2023,24,"World Cup",86,10,43,1257.63589193254,1253.33060011125,1290.49347713177,1284.75696893516,NA,0,"M"
2023-03-24,"Lahti","Finland","Japan","Team Sprint",2023,24,"World Cup",86,9,46,1226.94187588882,1199.95534953967,NA,1264.59684277158,NA,0,"M"
2023-03-24,"Lahti","Finland","Norway","Team Sprint",2023,24,"World Cup",86,2,90,1607.8413243052,1599.13556222424,NA,1353.6243773798,NA,0,"M"
2023-03-24,"Lahti","Finland","USA","Team Sprint",2023,24,"World Cup",86,15,32,1255.16232739481,1217.57084045845,NA,NA,NA,0,"M"
2024-03-02,"Lahti","Finland","Austria","Team Sprint",2024,18,"World Cup",86,2,90,1654.06031382955,1636.99915815502,NA,1394.98328913019,1368.89038368877,0,"M"
2024-03-02,"Lahti","Finland","Czechia","Team Sprint",2024,18,"World Cup",86,16,30,1228.47364621131,1229.16026287879,NA,1275.3221470637,1259.60679720278,0,"M"
2024-03-02,"Lahti","Finland","Finland","Team Sprint",2024,18,"World Cup",86,7,52,1418.54696499903,1408.56251695194,NA,1329.9817012885,1346.11630660891,0,"M"
2024-03-02,"Lahti","Finland","France","Team Sprint",2024,18,"World Cup",86,8,49,1298.55852280614,1295.79314311845,NA,1290.03029808967,1277.9433268239,0,"M"
2024-03-02,"Lahti","Finland","Germany","Team Sprint",2024,18,"World Cup",86,3,80,1624.80060815659,1607.5801363948,NA,1400.25351115793,1391.47246285829,0,"M"
2024-03-02,"Lahti","Finland","Italy","Team Sprint",2024,18,"World Cup",86,10,43,1290.66731126278,1289.83403900496,NA,1268.69420145144,1271.35881097242,0,"M"
2024-03-02,"Lahti","Finland","Japan","Team Sprint",2024,18,"World Cup",86,12,38,1288.84902945883,1296.93117337558,1293.89494855211,1296.37571876327,1261.04518878147,0,"M"
2024-03-02,"Lahti","Finland","Norway","Team Sprint",2024,18,"World Cup",86,1,100,1580.33909769213,1589.50932598976,NA,1340.54416735192,1348.06653306493,0,"M"
2024-03-02,"Lahti","Finland","Slovenia","Team Sprint",2024,18,"World Cup",86,17,28,1162.58544290982,1142.73754599856,NA,1249.50022526888,1253.5381050265,0,"M"
2024-03-02,"Lahti","Finland","USA","Team Sprint",2024,18,"World Cup",86,6,55,1251.24307115481,1240.8022703713,NA,1269.4681868906,1261.49396171985,0,"M"
