"FISName","Skier","ID","Nation","StartOrder","Bib","Is_Host_Nation","In_Startlist","Year","Length1","Length2","Points","Hill_Size","Elo","Small_Elo","Medium_Elo","Normal_Elo","Large_Elo","Flying_Elo","Race_Elo","Race1_Prob","City","Country","Race_Type","Race_Date","Sex"
"PREVC Domen","Domen Prevc",1868,"SLO",NA,NA,"False","True",NA,NA,NA,NA,141,1764.94090538189,1298.0875,1291.79713476683,1477.18085768735,1712.76041406389,1562.1332748448,1764.94090538189,1,"Milano Cortina","Italy","Large","02/14/2026","M"
"KOBAYASHI Ryoyu","Ryoyu Kobayashi",1637,"JPN",NA,NA,"False","True",NA,NA,NA,NA,141,1735.38230506218,1298.0875,1291.79713476683,1572.49277446613,1707.55634014566,1519.27474512482,1735.38230506218,1,"Milano Cortina","Italy","Large","02/14/2026","M"
"NIKAIDO Ren","Ren Nikaido",2283,"JPN",NA,NA,"False","True",NA,NA,NA,NA,141,1707.20648923827,1298.0875,1291.79713476683,1481.39996112723,1670.70192310869,1402.58766463768,1707.20648923827,1,"Milano Cortina","Italy","Large","02/14/2026","M"
"HOERL Jan","Jan Hörl",2416,"AUT",NA,NA,"False","True",NA,NA,NA,NA,141,1697.84353687297,1298.0875,1291.79713476683,1572.91392369789,1683.67819317146,1463.10276845575,1697.84353687297,1,"Milano Cortina","Italy","Large","02/14/2026","M"
"LANISEK Anze","Anze Lanisek",1166,"SLO",NA,NA,"False","True",NA,NA,NA,NA,141,1654.54478757068,1298.0875,1300,1489.12043688129,1655.17349762479,1474.32705955578,1654.54478757068,1,"Milano Cortina","Italy","Large","02/14/2026","M"
"TSCHOFENIG Daniel","Daniel Tschofenig",2542,"AUT",NA,NA,"False","True",NA,NA,NA,NA,141,1649.1563475213,1298.0875,1291.79713476683,1496.15794945268,1670.68300121018,1369.42517300614,1649.1563475213,1,"Milano Cortina","Italy","Large","02/14/2026","M"
"RAIMUND Philipp","Philipp Raimund",2401,"GER",NA,NA,"False","True",NA,NA,NA,NA,141,1642.71306130025,1298.0875,1291.79713476683,1583.77229523679,1607.03804323193,1343.47862001335,1642.71306130025,1,"Milano Cortina","Italy","Large","02/14/2026","M"
"KRAFT Stefan","Stefan Kraft",432,"AUT",NA,NA,"False","True",NA,NA,NA,NA,141,1614.75161395398,1298.0875,1291.79713476683,1532.76433795295,1620.97384147199,1525.20078037891,1614.75161395398,1,"Milano Cortina","Italy","Large","02/14/2026","M"
"EMBACHER Stephan","Stephan Embacher",2638,"AUT",NA,NA,"False","True",NA,NA,NA,NA,141,1597.09475825242,1298.0875,1291.79713476683,1479.20275940964,1554.28966641991,1363.59678967621,1597.09475825242,1,"Milano Cortina","Italy","Large","02/14/2026","M"
"HOFFMANN Felix","Felix Hoffmann",1893,"GER",NA,NA,"False","True",NA,NA,NA,NA,141,1586.52181874693,1298.0875,1291.79713476683,1436.39320478658,1575.81466020547,1253.48097160023,1586.52181874693,1,"Milano Cortina","Italy","Large","02/14/2026","M"
"SUNDAL Kristoffer Eriksen","Kristoffer Eriksen Sundal",2575,"NOR",NA,NA,"False","True",NA,NA,NA,NA,141,1564.78851815861,1298.0875,1291.79713476683,1396.61558989709,1553.6571252265,1336.01070051224,1564.78851815861,1,"Milano Cortina","Italy","Large","02/14/2026","M"
"LINDVIK Marius","Marius Lindvik",1920,"NOR",NA,NA,"False","True",NA,NA,NA,NA,141,1558.32795880918,1298.0875,1291.79713476683,1545.83595593498,1519.99895066598,1463.56200534407,1558.32795880918,1,"Milano Cortina","Italy","Large","02/14/2026","M"
"FORFANG Johann Andre","Johann Forfang",902,"NOR",NA,NA,"False","True",NA,NA,NA,NA,141,1523.668138563,1298.0875,1291.79713476683,1494.21992208078,1503.14144946882,1445.63429605752,1523.668138563,1,"Milano Cortina","Italy","Large","02/14/2026","M"
"TOMASIAK Kacper","Kacper Tomasiak",2673,"POL",NA,NA,"False","True",NA,NA,NA,NA,141,1516.72655726565,1298.0875,1291.79713476683,1475.76235029699,1475.30042609802,1256.57647500372,1516.72655726565,1,"Milano Cortina","Italy","Large","02/14/2026","M"
"ZOGRAFSKI Vladimir","Vladimir Zografski",61,"BUL",NA,NA,"False","True",NA,NA,NA,NA,141,1487.5090268316,1298.0875,1291.79713476683,1380.34083904997,1501.37124720384,1237.74453809071,1487.5090268316,1,"Milano Cortina","Italy","Large","02/14/2026","M"
"NAKAMURA Naoki","Naoki Nakamura",1845,"JPN",NA,NA,"False","True",NA,NA,NA,NA,141,1483.56554281591,1298.0875,1291.79713476683,1429.68912490839,1443.70322403853,1372.67659828117,1483.56554281591,1,"Milano Cortina","Italy","Large","02/14/2026","M"
"ZAJC Timi","Timi Zajc",2106,"SLO",NA,NA,"False","True",NA,NA,NA,NA,141,1449.55715931892,1298.0875,1291.79713476683,1349.77546941194,1439.98202633924,1450.95257641909,1449.55715931892,1,"Milano Cortina","Italy","Large","02/14/2026","M"
"WELLINGER Andreas","Andreas Wellinger",553,"GER",NA,NA,"False","True",NA,NA,NA,NA,141,1423.35347084838,1298.0875,1300,1537.13134582965,1407.27255479384,1453.57235874053,1423.35347084838,1,"Milano Cortina","Italy","Large","02/14/2026","M"
"PASCHKE Pius","Pius Paschke",1556,"GER",NA,NA,"False","True",NA,NA,NA,NA,141,1421.58503102555,1298.0875,1291.79713476683,1399.77300960781,1426.35884391996,1327.61635684586,1421.58503102555,1,"Milano Cortina","Italy","Large","02/14/2026","M"
"FOUBERT Valentin","Valentin Foubert",2423,"FRA",NA,NA,"False","True",NA,NA,NA,NA,141,1417.95055762504,1298.0875,1291.79713476683,1352.11365946925,1390.29960744584,1239.84191980132,1417.95055762504,1,"Milano Cortina","Italy","Large","02/14/2026","M"
"DESCHWANDEN Gregor","Gregor Deschwanden",273,"SUI",NA,NA,"False","True",NA,NA,NA,NA,141,1409.96421485842,1298.0875,1291.79713476683,1500.73964882426,1393.74960208156,1300.85516682785,1409.96421485842,1,"Milano Cortina","Italy","Large","02/14/2026","M"
"AALTO Antti","Antti Aalto",924,"FIN",NA,NA,"False","True",NA,NA,NA,NA,141,1382.09544405859,1298.0875,1291.79713476683,1354.45238777412,1347.47731302171,1334.05028739958,1382.09544405859,1,"Milano Cortina","Italy","Large","02/14/2026","M"
"AIGRO Artti","Artti Aigro",1871,"EST",NA,NA,"False","True",NA,NA,NA,NA,141,1375.33972168848,1298.0875,1291.79713476683,1300.14472341287,1370.09654245002,1279.04497827854,1375.33972168848,1,"Milano Cortina","Italy","Large","02/14/2026","M"
"COLBY Jason","Jason Colby",2679,"USA",NA,NA,"False","True",NA,NA,NA,NA,141,1361.48085184642,1298.0875,1291.79713476683,1307.2367826889,1350.35773892289,1284.30393701776,1361.48085184642,1,"Milano Cortina","Italy","Large","02/14/2026","M"
"KYTOSAHO Niko","Niko Kytösaho",1830,"FIN",NA,NA,"False","True",NA,NA,NA,NA,141,1355.30528045489,1298.0875,1291.79713476683,1263.25795953634,1338.90472891492,1285.49089918337,1355.30528045489,1,"Milano Cortina","Italy","Large","02/14/2026","M"
"WASEK Pawel","Pawel Wasek",2189,"POL",NA,NA,"False","True",NA,NA,NA,NA,141,1347.48640902903,1298.0875,1291.79713476683,1311.94715170775,1360.61404960115,1332.49617906742,1347.48640902903,1,"Milano Cortina","Italy","Large","02/14/2026","M"
"STOCH Kamil","Kamil Stoch",40,"POL",NA,NA,"False","True",NA,NA,NA,NA,141,1346.91611033274,1298.0875,1291.79713476683,1329.65331067205,1373.79781130353,1284.97155063934,1346.91611033274,1,"Milano Cortina","Italy","Large","02/14/2026","M"
"HAUSWIRTH Sandro","Sandro Hauswirth",2116,"SUI",NA,NA,"False","True",NA,NA,NA,NA,141,1323.96468720401,1298.0875,1291.79713476683,1260.368573202,1319.104588453,1264.97391012006,1323.96468720401,1,"Milano Cortina","Italy","Large","02/14/2026","M"
"FRANTZ Tate","Tate Frantz",2628,"USA",NA,NA,"False","True",NA,NA,NA,NA,141,1267.73956503053,1298.0875,1291.79713476683,1332.09256243033,1255.08041411947,1309.70657604909,1267.73956503053,1,"Milano Cortina","Italy","Large","02/14/2026","M"
"SONG Qiwu","Qiwu Song",2559,"CHN",NA,NA,"False","True",NA,NA,NA,NA,141,1246.37200201167,1298.0875,1291.79713476683,1223.41077312347,1256.62721245102,1256.57647500372,1246.37200201167,1,"Milano Cortina","Italy","Large","02/14/2026","M"
"KOUDELKA Roman","Roman Koudelka",24,"CZE",NA,NA,"False","True",NA,NA,NA,NA,141,1240.50050498503,1298.0875,1291.79713476683,1237.35415317492,1248.00677815516,1262.81863399736,1240.50050498503,1,"Milano Cortina","Italy","Large","02/14/2026","M"
"VAGUL Kaimar","Kaimar Vagul",2626,"EST",NA,NA,"False","True",NA,NA,NA,NA,141,1239.40546949688,1298.0875,1291.79713476683,1199.29740752227,1259.9693975346,1256.57647500372,1239.40546949688,1,"Milano Cortina","Italy","Large","02/14/2026","M"
"MARUSIAK Yevhen","Yevhen Marusiak",2089,"UKR",NA,NA,"False","True",NA,NA,NA,NA,141,1228.1561314575,1298.0875,1291.79713476683,1182.53367191484,1238.38477356293,1254.25467668267,1228.1561314575,1,"Milano Cortina","Italy","Large","02/14/2026","M"
"INSAM Alex","Alex Insam",915,"ITA",NA,NA,"False","True",NA,NA,NA,NA,141,1226.42117418333,1298.0875,1291.79713476683,1156.32662039492,1239.51004846937,1254.17600674788,1226.42117418333,1,"Milano Cortina","Italy","Large","02/14/2026","M"
"MIZERNYKH Ilya","Ilya Mizernykh",2685,"KAZ",NA,NA,"False","True",NA,NA,NA,NA,141,1226.39384417248,1298.0875,1291.79713476683,1178.70865427009,1240.2342305335,1276.56548932224,1226.39384417248,1,"Milano Cortina","Italy","Large","02/14/2026","M"
"TRUNZ Felix","Felix Trunz",2654,"SUI",NA,NA,"False","True",NA,NA,NA,NA,141,1226.29302115248,1298.0875,1291.79713476683,1299.7787730279,1214.82607615214,1213.73609951517,1226.29302115248,1,"Milano Cortina","Italy","Large","02/14/2026","M"
"SPULBER Mihnea Alexandru","Mihnea Alexandru Spulber",2143,"ROU",NA,NA,"False","True",NA,NA,NA,NA,141,1215.70526490303,1298.0875,1291.79713476683,1098.45773619785,1260.41133918563,1256.57647500372,1215.70526490303,1,"Milano Cortina","Italy","Large","02/14/2026","M"
"BICKNER Kevin","Kevin Bickner",1644,"USA",NA,NA,"False","True",NA,NA,NA,NA,141,1208.94475830398,1298.0875,1291.79713476683,1200.63564906213,1213.96238425508,1244.20702681743,1208.94475830398,1,"Milano Cortina","Italy","Large","02/14/2026","M"
"KAPUSTIK Hektor","Hektor Kapustik",2674,"SVK",NA,NA,"False","True",NA,NA,NA,NA,141,1208.16478954054,1298.0875,1291.79713476683,1237.70385215191,1212.54218783848,1256.57647500372,1208.16478954054,1,"Milano Cortina","Italy","Large","02/14/2026","M"
"BRESADOLA Giovanni","Giovanni Bresadola",2277,"ITA",NA,NA,"False","True",NA,NA,NA,NA,141,1207.78985887335,1298.0875,1291.79713476683,1239.83585330086,1188.74047656124,1242.99603968748,1207.78985887335,1,"Milano Cortina","Italy","Large","02/14/2026","M"
"CACINA Daniel Andrei","Daniel Andrei Cacina",2329,"ROU",NA,NA,"False","True",NA,NA,NA,NA,141,1193.13200956928,1298.0875,1291.79713476683,1135.50090192634,1223.43029152907,1256.57647500372,1193.13200956928,1,"Milano Cortina","Italy","Large","02/14/2026","M"
"PALOSAARI Vilho","Vilho Palosaari",2533,"FIN",NA,NA,"False","True",NA,NA,NA,NA,141,1181.66168107222,1298.0875,1291.79713476683,1310.80644946965,1150.98020957124,1256.57647500372,1181.66168107222,1,"Milano Cortina","Italy","Large","02/14/2026","M"
"MILESI Enzo","Enzo Milesi",2507,"FRA",NA,NA,"False","True",NA,NA,NA,NA,141,1174.17495751166,1298.0875,1291.79713476683,1258.49611956312,1177.37960677562,1276.38797063121,1174.17495751166,1,"Milano Cortina","Italy","Large","02/14/2026","M"
"VASSILYEV Danil","Danil Vassilyev",2476,"KAZ",NA,NA,"False","True",NA,NA,NA,NA,141,1154.78408071307,1298.0875,1291.79713476683,1131.60615929729,1152.8174152208,1275.44406075081,1154.78408071307,1,"Milano Cortina","Italy","Large","02/14/2026","M"
"IPCIOGLU Fatih Arda","Fatih Arda Ipcioglu",1890,"TUR",NA,NA,"False","True",NA,NA,NA,NA,141,1136.03239895579,1298.0875,1291.79713476683,1164.60165920967,1159.59652503543,1235.52796901127,1136.03239895579,1,"Milano Cortina","Italy","Large","02/14/2026","M"
"CHERVET Jules","Jules Chervet",2571,"FRA",NA,NA,"False","True",NA,NA,NA,NA,141,1133.99859157823,1298.0875,1291.79713476683,1172.18845854691,1156.45370678145,1256.57647500372,1133.99859157823,1,"Milano Cortina","Italy","Large","02/14/2026","M"
"CECON Francesco","Francesco Cecon",2431,"ITA",NA,NA,"False","True",NA,NA,NA,NA,141,1133.63855318375,1298.0875,1291.79713476683,1133.80481028684,1147.44776824408,1288.34384967973,1133.63855318375,1,"Milano Cortina","Italy","Large","02/14/2026","M"
"BEDIR Muhammed Ali","Muhammed Ali Bedir",2117,"TUR",NA,NA,"False","True",NA,NA,NA,NA,141,1130.12238656674,1298.0875,1291.79713476683,1132.19338539555,1169.27212006978,1266.42877920233,1130.12238656674,1,"Milano Cortina","Italy","Large","02/14/2026","M"
"BOYD-CLOWES Mackenzie","Mackenzie Boyd-Clowes",95,"CAN",NA,NA,"False","True",NA,NA,NA,NA,141,1125.07676993856,1298.0875,1291.79713476683,1147.17273573569,1168.95056728536,1143.39996052997,1125.07676993856,1,"Milano Cortina","Italy","Large","02/14/2026","M"
"KALINICHENKO Vitaliy","Vitaliy Kalinichenko",1839,"UKR",NA,NA,"False","True",NA,NA,NA,NA,141,1060.20655259873,1298.0875,1291.79713476683,1032.91645699926,1108.07617834706,1160.3943307557,1060.20655259873,1,"Milano Cortina","Italy","Large","02/14/2026","M"
"Manuel Fettner","Manuel Fettner",17,"Austria",999,999,"False","False",NA,NA,NA,NA,141,1578.0949398335,1298.0875,1291.79713476683,1489.1350919302,1570.86060207559,1376.01663919003,1578.0949398335,0,"Milano Cortina","Italy","Large","02/14/2026","M"
"Daniel Huber","Daniel Huber",1831,"Austria",999,999,"False","False",NA,NA,NA,NA,141,1492.30043438793,1298.0875,1291.79713476683,1453.67118265613,1388.79762637445,1419.48703704824,1492.30043438793,0,"Milano Cortina","Italy","Large","02/14/2026","M"
"Maximilian Ortner","Maximilian Ortner",2556,"Austria",999,999,"False","False",NA,NA,NA,NA,141,1473.83845737176,1298.0875,1291.79713476683,1373.16526011001,1480.59674197763,1299.68150756029,1473.83845737176,0,"Milano Cortina","Italy","Large","02/14/2026","M"
"Halvor Egner Granerud","Halvor Egner Granerud",1828,"Norway",999,999,"False","False",NA,NA,NA,NA,141,1442.32056595019,1298.0875,1291.79713476683,1414.23758123278,1440.82415200315,1384.80742834509,1442.32056595019,0,"Milano Cortina","Italy","Large","02/14/2026","M"
"Jonas Schuster","Jonas Schuster",2579,"Austria",999,999,"False","False",NA,NA,NA,NA,141,1429.80275644797,1298.0875,1291.79713476683,1358.61130314463,1419.91305782852,1256.57647500372,1429.80275644797,0,"Milano Cortina","Italy","Large","02/14/2026","M"
"Philipp Aschenwald","Philipp Aschenwald",886,"Austria",999,999,"False","False",NA,NA,NA,NA,141,1414.6438746791,1298.0875,1291.79713476683,1433.09903247852,1411.41381497321,1283.92618566682,1414.6438746791,0,"Milano Cortina","Italy","Large","02/14/2026","M"
"Karl Geiger","Karl Geiger",554,"Germany",999,999,"False","False",NA,NA,NA,NA,141,1403.16678467484,1298.0875,1291.79713476683,1337.3392898585,1399.1306109846,1398.44402999879,1403.16678467484,0,"Milano Cortina","Italy","Large","02/14/2026","M"
"Clemens Aigner","Clemens Aigner",1827,"Austria",999,999,"False","False",NA,NA,NA,NA,141,1400.06593233869,1298.0875,1291.79713476683,1398.33071906191,1395.24493410629,1284.5069542443,1400.06593233869,0,"Milano Cortina","Italy","Large","02/14/2026","M"
"Benjamin Østvold","Benjamin Østvold",2546,"Norway",999,999,"False","False",NA,NA,NA,NA,141,1383.78650277617,1298.0875,1291.79713476683,1282.24593909901,1366.8200255847,1341.71809788244,1383.78650277617,0,"Milano Cortina","Italy","Large","02/14/2026","M"
"Markus Mueller","Markus Mueller",2540,"Austria",999,999,"False","False",NA,NA,NA,NA,141,1370.88016279679,1298.0875,1291.79713476683,1393.00622749859,1364.70013855211,1295.7629340756,1370.88016279679,0,"Milano Cortina","Italy","Large","02/14/2026","M"
"Jørgen Oliver Strøm","Jørgen Oliver Strøm",2601,"Norway",999,999,"False","False",NA,NA,NA,NA,141,1363.17142952599,1298.0875,1291.79713476683,1358.20080784341,1345.02828625514,1256.57647500372,1363.17142952599,0,"Milano Cortina","Italy","Large","02/14/2026","M"
"Piotr Zyla","Piotr Zyla",98,"Poland",999,999,"False","False",NA,NA,NA,NA,141,1360.70469555752,1298.0875,1291.79713476683,1312.97795810024,1341.55335541626,1399.43362786332,1360.70469555752,0,"Milano Cortina","Italy","Large","02/14/2026","M"
"Raffael Zimmermann","Raffael Zimmermann",2612,"Austria",999,999,"False","False",NA,NA,NA,NA,141,1358.85275105622,1298.0875,1291.79713476683,1376.83890624881,1337.40876379656,1256.57647500372,1358.85275105622,0,"Milano Cortina","Italy","Large","02/14/2026","M"
"Yukiya Sato","Yukiya Sato",881,"Japan",999,999,"False","False",NA,NA,NA,NA,141,1355.71210197745,1298.0875,1300,1313.66754532793,1342.00810747754,1369.71471323147,1355.71210197745,0,"Milano Cortina","Italy","Large","02/14/2026","M"
"Enej Faletic","Enej Faletic",2648,"Slovenia",999,999,"False","False",NA,NA,NA,NA,141,1350.05420878713,1298.0875,1291.79713476683,1407.20851598629,1299.81383422866,1256.57647500372,1350.05420878713,0,"Milano Cortina","Italy","Large","02/14/2026","M"
"Tomofumi Naito","Tomofumi Naito",2404,"Japan",999,999,"False","False",NA,NA,NA,NA,141,1338.29477702935,1298.0875,1291.79713476683,1202.06067768442,1324.49456799506,1314.29181721985,1338.29477702935,0,"Milano Cortina","Italy","Large","02/14/2026","M"
"Martin Hamann","Martin Hamann",1867,"Germany",999,999,"False","False",NA,NA,NA,NA,141,1326.82868189404,1298.0875,1291.79713476683,1268.70252448915,1329.83919760049,1269.04689019571,1326.82868189404,0,"Milano Cortina","Italy","Large","02/14/2026","M"
"Ziga Jelar","Ziga Jelar",1858,"Slovenia",999,999,"False","False",NA,NA,NA,NA,141,1325.38610481052,1298.0875,1291.79713476683,1355.70878725858,1319.05580154582,1378.62124157029,1325.38610481052,0,"Milano Cortina","Italy","Large","02/14/2026","M"
"Fredrik Villumstad","Fredrik Villumstad",2243,"Norway",999,999,"False","False",NA,NA,NA,NA,141,1318.46963349824,1298.0875,1291.79713476683,1296.32026890562,1319.76921910063,1260.58285255181,1318.46963349824,0,"Milano Cortina","Italy","Large","02/14/2026","M"
"Robin Pedersen","Robin Pedersen",1933,"Norway",999,999,"False","False",NA,NA,NA,NA,141,1315.20893685489,1298.0875,1291.79713476683,1326.35759900619,1311.29938638541,1261.59319677699,1315.20893685489,0,"Milano Cortina","Italy","Large","02/14/2026","M"
"Ilkka Herola","Ilkka Herola",2766,"Finland",999,999,"False","False",NA,NA,NA,NA,141,1303.76268968669,1298.0875,1291.79713476683,1313.6635354313,1231.09974515145,1256.57647500372,1303.76268968669,0,"Milano Cortina","Italy","Large","02/14/2026","M"
"Bendik Jakobsen Heggli","Bendik Jakobsen Heggli",2525,"Norway",999,999,"False","False",NA,NA,NA,NA,141,1300.92778515009,1298.0875,1291.79713476683,1293.6870763405,1290.42913593079,1297.15109624242,1300.92778515009,0,"Milano Cortina","Italy","Large","02/14/2026","M"
"Tomas Kuisma","Tomas Kuisma",2504,"Finland",999,999,"False","False",NA,NA,NA,NA,141,1300.04097702956,1298.0875,1291.79713476683,1206.46031730201,1299.84578781506,1256.57647500372,1300.04097702956,0,"Milano Cortina","Italy","Large","02/14/2026","M"
"Jernej Presecnik","Jernej Presecnik",2452,"Slovenia",999,999,"False","False",NA,NA,NA,NA,141,1300.00246958254,1298.0875,1291.79713476683,1289.81431143771,1187.7995025948,1256.57647500372,1300.00246958254,0,"Milano Cortina","Italy","Large","02/14/2026","M"
"Rok Masle","Rok Masle",2545,"Slovenia",999,999,"False","False",NA,NA,NA,NA,141,1294.9019665733,1298.0875,1291.79713476683,1297.87573613432,1292.89407304101,1296.11060017563,1294.9019665733,0,"Milano Cortina","Italy","Large","02/14/2026","M"
"Francisco Mörth","Francisco Mörth",2473,"Austria",999,999,"False","False",NA,NA,NA,NA,141,1294.88271599836,1298.0875,1291.79713476683,1349.6991019842,1294.44004549702,1256.57647500372,1294.88271599836,0,"Milano Cortina","Italy","Large","02/14/2026","M"
"Go Yamamoto","Go Yamamoto",2682,"Japan",999,999,"False","False",NA,NA,NA,NA,141,1294.69302353703,1298.0875,1291.79713476683,1153.30956931978,1294.95740984119,1256.57647500372,1294.69302353703,0,"Milano Cortina","Italy","Large","02/14/2026","M"
"Maciej Kot","Maciej Kot",103,"Poland",999,999,"False","False",NA,NA,NA,NA,141,1293.01826868735,1298.0875,1291.79713476683,1338.51931053661,1292.21599248183,1256.44853919485,1293.01826868735,0,"Milano Cortina","Italy","Large","02/14/2026","M"
"Julijan Smid","Julijan Smid",2623,"Austria",999,999,"False","False",NA,NA,NA,NA,141,1292.2270660956,1298.0875,1291.79713476683,1264.3664577838,1344.21004697913,1256.57647500372,1292.2270660956,0,"Milano Cortina","Italy","Large","02/14/2026","M"
"Jakob Steinberger","Jakob Steinberger",2643,"Austria",999,999,"False","False",NA,NA,NA,NA,141,1291.959886002,1298.0875,1291.79713476683,1300,1293.87276314765,1256.57647500372,1291.959886002,0,"Milano Cortina","Italy","Large","02/14/2026","M"
"Clemens Leitner","Clemens Leitner",2085,"Austria",999,999,"False","False",NA,NA,NA,NA,141,1290.84820272405,1298.0875,1291.79713476683,1452.00741557503,1300.41720741204,1207.53230736632,1290.84820272405,0,"Milano Cortina","Italy","Large","02/14/2026","M"
"Anders Håre","Anders Håre",2449,"Norway",999,999,"False","False",NA,NA,NA,NA,141,1290.45127684952,1298.0875,1291.79713476683,1277.91146161181,1288.29872896024,1244.07996220413,1290.45127684952,0,"Milano Cortina","Italy","Large","02/14/2026","M"
"Jaka Kramer","Jaka Kramer",2765,"Slovenia",999,999,"False","False",NA,NA,NA,NA,141,1288.90884849722,1298.0875,1291.79713476683,1255.18795197815,1290.53023425113,1256.57647500372,1288.90884849722,0,"Milano Cortina","Italy","Large","02/14/2026","M"
"Hannes Landerer","Hannes Landerer",2600,"Austria",999,999,"False","False",NA,NA,NA,NA,141,1288.55241484653,1298.0875,1291.79713476683,1341.04467713004,1288.30260245149,1256.57647500372,1288.55241484653,0,"Milano Cortina","Italy","Large","02/14/2026","M"
"Dawid Kubacki","Dawid Kubacki",69,"Poland",999,999,"False","False",NA,NA,NA,NA,141,1286.80626269111,1298.0875,1291.79713476683,1346.53520435979,1310.28971301364,1210.476921792,1286.80626269111,0,"Milano Cortina","Italy","Large","02/14/2026","M"
"Simon Steinberger","Simon Steinberger",2642,"Austria",999,999,"False","False",NA,NA,NA,NA,141,1285.1066860625,1298.0875,1291.79713476683,1262.95446809283,1284.00143971807,1256.57647500372,1285.1066860625,0,"Milano Cortina","Italy","Large","02/14/2026","M"
"Alex Reiter","Alex Reiter",2652,"Germany",999,999,"False","False",NA,NA,NA,NA,141,1284.77265905409,1298.0875,1291.79713476683,1269.60954031105,1231.09974515145,1256.57647500372,1284.77265905409,0,"Milano Cortina","Italy","Large","02/14/2026","M"
"Adrian Thon Gundersrud","Adrian Thon Gundersrud",2535,"Norway",999,999,"False","False",NA,NA,NA,NA,141,1284.74581446313,1298.0875,1291.79713476683,1264.32036469304,1311.46225465507,1274.41546251466,1284.74581446313,0,"Milano Cortina","Italy","Large","02/14/2026","M"
"Isak Andreas Langmo","Isak Andreas Langmo",2677,"Norway",999,999,"False","False",NA,NA,NA,NA,141,1284.36046984667,1298.0875,1291.79713476683,1377.85463437761,1282.81966635641,1256.57647500372,1284.36046984667,0,"Milano Cortina","Italy","Large","02/14/2026","M"
"Matija Vidic","Matija Vidic",2472,"Slovenia",999,999,"False","False",NA,NA,NA,NA,141,1283.01231131511,1298.0875,1291.79713476683,1260.17779798999,1290.31171921047,1256.57647500372,1283.01231131511,0,"Milano Cortina","Italy","Large","02/14/2026","M"
"Maksim Bartolj","Maksim Bartolj",2520,"Slovenia",999,999,"False","False",NA,NA,NA,NA,141,1282.16693919606,1298.0875,1291.79713476683,1318.81903510339,1271.70213704132,1301.85629870167,1282.16693919606,0,"Milano Cortina","Italy","Large","02/14/2026","M"
"Constantin Schmid","Constantin Schmid",2178,"Germany",999,999,"False","False",NA,NA,NA,NA,141,1281.66856583203,1298.0875,1291.79713476683,1353.11873194133,1299.38632992786,1222.525576334,1281.66856583203,0,"Milano Cortina","Italy","Large","02/14/2026","M"
"Marco Wörgötter","Marco Wörgötter",2515,"Austria",999,999,"False","False",NA,NA,NA,NA,141,1280.51983459431,1298.0875,1291.79713476683,1255.73855647463,1285.80811318597,1256.57647500372,1280.51983459431,0,"Milano Cortina","Italy","Large","02/14/2026","M"
"Louis Obersteiner","Louis Obersteiner",2607,"Austria",999,999,"False","False",NA,NA,NA,NA,141,1279.80858142449,1298.0875,1291.79713476683,1139.70073603473,1280.8505126112,1256.57647500372,1279.80858142449,0,"Milano Cortina","Italy","Large","02/14/2026","M"
"Ziga Jancar","Ziga Jancar",2732,"Slovenia",999,999,"False","False",NA,NA,NA,NA,141,1278.30691810998,1298.0875,1291.79713476683,1370.92624322241,1278.14354420749,1256.57647500372,1278.30691810998,0,"Milano Cortina","Italy","Large","02/14/2026","M"
"Jakub Wolny","Jakub Wolny",1587,"Poland",999,999,"False","False",NA,NA,NA,NA,141,1277.64416021545,1298.0875,1291.79713476683,1293.89547486382,1282.98138026631,1290.9188814049,1277.64416021545,0,"Milano Cortina","Italy","Large","02/14/2026","M"
"Sølve Jokerud Strand","Sølve Jokerud Strand",2566,"Norway",999,999,"False","False",NA,NA,NA,NA,141,1276.49073009769,1298.0875,1291.79713476683,1263.20453892826,1279.55670322814,1286.31225943782,1276.49073009769,0,"Milano Cortina","Italy","Large","02/14/2026","M"
"Lovro Kos","Lovro Kos",2405,"Slovenia",999,999,"False","False",NA,NA,NA,NA,141,1275.55291480401,1298.0875,1291.79713476683,1380.39500603945,1263.71712674275,1332.81074602551,1275.55291480401,0,"Milano Cortina","Italy","Large","02/14/2026","M"
"Svyatoslav Nazarenko","Svyatoslav Nazarenko",2587,"Kazakhstan",999,999,"False","False",NA,NA,NA,NA,141,1273.8132573243,1298.0875,1291.79713476683,1022.9427036011,1271.85435337265,1256.57647500372,1273.8132573243,0,"Milano Cortina","Italy","Large","02/14/2026","M"
"Lukas Haagen","Lukas Haagen",2710,"Austria",999,999,"False","False",NA,NA,NA,NA,141,1273.6147610705,1298.0875,1291.79713476683,1375.62131957074,1275.17951146301,1256.57647500372,1273.6147610705,0,"Milano Cortina","Italy","Large","02/14/2026","M"
"Andrzej Stekala","Andrzej Stekala",1852,"Poland",999,999,"False","False",NA,NA,NA,NA,141,1271.79675148613,1298.0875,1291.79713476683,1299.38649553436,1284.94296260704,1271.36598929292,1271.79675148613,0,"Milano Cortina","Italy","Large","02/14/2026","M"
"Paavo Romppainen","Paavo Romppainen",2602,"Finland",999,999,"False","False",NA,NA,NA,NA,141,1270.75031205826,1298.0875,1291.79713476683,1072.17704063021,1270.0742263805,1256.57647500372,1270.75031205826,0,"Milano Cortina","Italy","Large","02/14/2026","M"
"Richard Selbekk-Hansen","Richard Selbekk-Hansen",2611,"Norway",999,999,"False","False",NA,NA,NA,NA,141,1270.66440497387,1298.0875,1291.79713476683,1297.03014869995,1273.09657935017,1256.57647500372,1270.66440497387,0,"Milano Cortina","Italy","Large","02/14/2026","M"
"Niklas Bachlinger","Niklas Bachlinger",2541,"Austria",999,999,"False","False",NA,NA,NA,NA,141,1270.60499650086,1298.0875,1291.79713476683,1273.05967226245,1274.14203480409,1256.57647500372,1270.60499650086,0,"Milano Cortina","Italy","Large","02/14/2026","M"
"Alessandro Batby","Alessandro Batby",2315,"France",999,999,"False","False",NA,NA,NA,NA,141,1269.92496617445,1298.0875,1291.79713476683,1218.60709494286,1283.69521423509,1256.57647500372,1269.92496617445,0,"Milano Cortina","Italy","Large","02/14/2026","M"
"Lasse Deimel","Lasse Deimel",2649,"Germany",999,999,"False","False",NA,NA,NA,NA,141,1268.64192045215,1298.0875,1291.79713476683,1300,1272.41145039631,1256.57647500372,1268.64192045215,0,"Milano Cortina","Italy","Large","02/14/2026","M"
"Nikita Devyatkin","Nikita Devyatkin",2427,"Kazakhstan",999,999,"False","False",NA,NA,NA,NA,141,1268.11902605051,1298.0875,1291.79713476683,1152.46364246228,1278.94459158378,1277.09541299703,1268.11902605051,0,"Milano Cortina","Italy","Large","02/14/2026","M"
"Weijie Zhen","Weijie Zhen",2560,"China",999,999,"False","False",NA,NA,NA,NA,141,1266.36375904621,1298.0875,1291.79713476683,1209.91388046422,1281.10552878108,1256.57647500372,1266.36375904621,0,"Milano Cortina","Italy","Large","02/14/2026","M"
"Nicolae Sorin Mitrofan","Nicolae Sorin Mitrofan",1860,"Romania",999,999,"False","False",NA,NA,NA,NA,141,1265.23024592444,1298.0875,1291.79713476683,1205.7252206704,1283.48268358486,1256.57647500372,1265.23024592444,0,"Milano Cortina","Italy","Large","02/14/2026","M"
"Maximillian Steiner","Maximillian Steiner",2086,"Austria",999,999,"False","False",NA,NA,NA,NA,141,1264.66520477041,1298.0875,1291.79713476683,1441.20004792706,1275.2418486774,1253.4795386702,1264.66520477041,0,"Milano Cortina","Italy","Large","02/14/2026","M"
"Rok Oblak","Rok Oblak",2576,"Slovenia",999,999,"False","False",NA,NA,NA,NA,141,1264.09674432553,1298.0875,1291.79713476683,1338.09112559313,1256.265311349,1256.57647500372,1264.09674432553,0,"Milano Cortina","Italy","Large","02/14/2026","M"
"Peter Resinger","Peter Resinger",2517,"Austria",999,999,"False","False",NA,NA,NA,NA,141,1262.07800170554,1298.0875,1291.79713476683,1290.44205124993,1266.82161432327,1256.57647500372,1262.07800170554,0,"Milano Cortina","Italy","Large","02/14/2026","M"
"Stefan Rainer","Stefan Rainer",2447,"Austria",999,999,"False","False",NA,NA,NA,NA,141,1261.53931715524,1298.0875,1291.79713476683,1396.15966616297,1261.44081737312,1256.57647500372,1261.53931715524,0,"Milano Cortina","Italy","Large","02/14/2026","M"
"Sindre Ulven Jørgensen","Sindre Ulven Jørgensen",2583,"Norway",999,999,"False","False",NA,NA,NA,NA,141,1260.74991089378,1298.0875,1291.79713476683,1305.48445899746,1268.91070443986,1275.36138007561,1260.74991089378,0,"Milano Cortina","Italy","Large","02/14/2026","M"
"Aleksander Zniszczol","Aleksander Zniszczol",277,"Poland",999,999,"False","False",NA,NA,NA,NA,141,1259.59827620016,1298.0875,1291.79713476683,1291.89217259438,1264.39476968715,1288.51544016013,1259.59827620016,0,"Milano Cortina","Italy","Large","02/14/2026","M"
"Janni Reisenauer","Janni Reisenauer",1843,"Austria",999,999,"False","False",NA,NA,NA,NA,141,1257.96916819834,1298.0875,1291.79713476683,1201.95362411778,1271.62303168713,1256.57647500372,1257.96916819834,0,"Milano Cortina","Italy","Large","02/14/2026","M"
"Sakutaro Kobayashi","Sakutaro Kobayashi",2637,"Japan",999,999,"False","False",NA,NA,NA,NA,141,1254.6189951808,1298.0875,1291.79713476683,1227.04062054262,1259.29381389874,1287.78890422445,1254.6189951808,0,"Milano Cortina","Italy","Large","02/14/2026","M"
"Hiyuma Fuse","Hiyuma Fuse",2772,"Japan",999,999,"False","False",NA,NA,NA,NA,141,1254.52061767058,1298.0875,1291.79713476683,1255.18795197815,1259.46966081182,1256.57647500372,1254.52061767058,0,"Milano Cortina","Italy","Large","02/14/2026","M"
"Klemens Joniak","Klemens Joniak",2568,"Poland",999,999,"False","False",NA,NA,NA,NA,141,1253.05942803269,1298.0875,1291.79713476683,1300.98240784511,1255.19302232065,1256.57647500372,1253.05942803269,0,"Milano Cortina","Italy","Large","02/14/2026","M"
"Henri Kavilo","Henri Kavilo",2395,"Finland",999,999,"False","False",NA,NA,NA,NA,141,1252.38623127771,1298.0875,1291.79713476683,1126.70883798163,1250.7235507548,1256.57647500372,1252.38623127771,0,"Milano Cortina","Italy","Large","02/14/2026","M"
"Maximilian Gartner","Maximilian Gartner",2713,"Italy",999,999,"True","False",NA,NA,NA,NA,141,1252.00111061257,1298.0875,1291.79713476683,1221.45491773902,1294.7232480723,1256.57647500372,1252.00111061257,0,"Milano Cortina","Italy","Large","02/14/2026","M"
"Yannick Wasser","Yannick Wasser",2514,"Switzerland",999,999,"False","False",NA,NA,NA,NA,141,1250.46004385792,1298.0875,1291.79713476683,1217.62261555372,1241.09655037525,1298.76306267116,1250.46004385792,0,"Milano Cortina","Italy","Large","02/14/2026","M"
"Julian Hillmer","Julian Hillmer",2767,"Germany",999,999,"False","False",NA,NA,NA,NA,141,1249.64285956694,1298.0875,1291.79713476683,1197.28328366031,1231.09974515145,1256.57647500372,1249.64285956694,0,"Milano Cortina","Italy","Large","02/14/2026","M"
"Robin Kloss","Robin Kloss",2736,"Germany",999,999,"False","False",NA,NA,NA,NA,141,1249.02119563555,1298.0875,1291.79713476683,1204.25334002981,1231.09974515145,1256.57647500372,1249.02119563555,0,"Milano Cortina","Italy","Large","02/14/2026","M"
"Noriaki Kasai","Noriaki Kasai",30,"Japan",999,999,"False","False",NA,NA,NA,NA,141,1248.05539485965,1298.0875,1291.79713476683,1248.16490802477,1241.2340289266,1367.20043260347,1248.05539485965,0,"Milano Cortina","Italy","Large","02/14/2026","M"
"Daimatsu Takehana","Daimatsu Takehana",2549,"Japan",999,999,"False","False",NA,NA,NA,NA,141,1247.48669933336,1298.0875,1291.79713476683,1295.12312650106,1253.53488375562,1256.57647500372,1247.48669933336,0,"Milano Cortina","Italy","Large","02/14/2026","M"
"Leonard Fageraas","Leonard Fageraas",2768,"Norway",999,999,"False","False",NA,NA,NA,NA,141,1243.85660619216,1298.0875,1291.79713476683,1179.6101178686,1231.09974515145,1256.57647500372,1243.85660619216,0,"Milano Cortina","Italy","Large","02/14/2026","M"
"Ben Bayer","Ben Bayer",2573,"Germany",999,999,"False","False",NA,NA,NA,NA,141,1242.79368363646,1298.0875,1291.79713476683,1331.54340909407,1245.67564712051,1256.57647500372,1242.79368363646,0,"Milano Cortina","Italy","Large","02/14/2026","M"
"Jan Galica","Jan Galica",2742,"Poland",999,999,"False","False",NA,NA,NA,NA,141,1242.36792749951,1298.0875,1291.79713476683,1255.18795197815,1247.48894198227,1256.57647500372,1242.36792749951,0,"Milano Cortina","Italy","Large","02/14/2026","M"
"Yuto Nakamura","Yuto Nakamura",2491,"Japan",999,999,"False","False",NA,NA,NA,NA,141,1240.68027919012,1298.0875,1291.79713476683,1291.1542501446,1248.75535812269,1256.57647500372,1240.68027919012,0,"Milano Cortina","Italy","Large","02/14/2026","M"
"Kamil Waszek","Kamil Waszek",2773,"Poland",999,999,"False","False",NA,NA,NA,NA,141,1239.85313938298,1298.0875,1291.79713476683,1255.18795197815,1249.04788135821,1256.57647500372,1239.85313938298,0,"Milano Cortina","Italy","Large","02/14/2026","M"
"Eeli Keranen","Eeli Keranen",2669,"Finland",999,999,"False","False",NA,NA,NA,NA,141,1239.74142463039,1298.0875,1291.79713476683,1185.5702299633,1231.09974515145,1256.57647500372,1239.74142463039,0,"Milano Cortina","Italy","Large","02/14/2026","M"
"Oddvar Gunnerød","Oddvar Gunnerød",2716,"Norway",999,999,"False","False",NA,NA,NA,NA,141,1237.06441189279,1298.0875,1291.79713476683,1300,1235.82141742054,1256.57647500372,1237.06441189279,0,"Milano Cortina","Italy","Large","02/14/2026","M"
"Shinnosuke Fujita","Shinnosuke Fujita",2465,"Japan",999,999,"False","False",NA,NA,NA,NA,141,1231.85773543108,1298.0875,1291.79713476683,1281.01646258259,1234.60129784168,1256.57647500372,1231.85773543108,0,"Milano Cortina","Italy","Large","02/14/2026","M"
"Max Unglaube","Max Unglaube",2711,"Germany",999,999,"False","False",NA,NA,NA,NA,141,1229.89171712023,1298.0875,1291.79713476683,1222.33543735286,1254.83141113871,1256.57647500372,1229.89171712023,0,"Milano Cortina","Italy","Large","02/14/2026","M"
"Jakob Alvsåker Walseth","Jakob Alvsåker Walseth",2769,"Norway",999,999,"False","False",NA,NA,NA,NA,141,1227.65473441701,1298.0875,1291.79713476683,1255.18795197815,1237.38749392765,1256.57647500372,1227.65473441701,0,"Milano Cortina","Italy","Large","02/14/2026","M"
"Zak Mogel","Zak Mogel",2417,"Slovenia",999,999,"False","False",NA,NA,NA,NA,141,1226.46059337092,1298.0875,1291.79713476683,1243.42315881473,1225.44634038109,1220.08701715174,1226.46059337092,0,"Milano Cortina","Italy","Large","02/14/2026","M"
"Adrian Tittel","Adrian Tittel",2608,"Germany",999,999,"False","False",NA,NA,NA,NA,141,1225.59539975725,1298.0875,1291.79713476683,1239.40821321021,1223.53442634296,1256.57647500372,1225.59539975725,0,"Milano Cortina","Italy","Large","02/14/2026","M"
"Janne Holz","Janne Holz",2770,"Germany",999,999,"False","False",NA,NA,NA,NA,141,1224.84455210979,1298.0875,1291.79713476683,1222.24748057426,1262.51065644727,1256.57647500372,1224.84455210979,0,"Milano Cortina","Italy","Large","02/14/2026","M"
"Jiri Cerny","Jiri Cerny",2764,"Czechia",999,999,"False","False",NA,NA,NA,NA,141,1224.1038295716,1298.0875,1291.79713476683,1255.18795197815,1233.00964764208,1256.57647500372,1224.1038295716,0,"Milano Cortina","Italy","Large","02/14/2026","M"
"Johannes Poelz","Johannes Poelz",2641,"Austria",999,999,"False","False",NA,NA,NA,NA,141,1223.05638365757,1298.0875,1291.79713476683,1153.19630097577,1302.19519689741,1256.57647500372,1223.05638365757,0,"Milano Cortina","Italy","Large","02/14/2026","M"
"Fredrik Gran","Fredrik Gran",2684,"Norway",999,999,"False","False",NA,NA,NA,NA,141,1221.60680920894,1298.0875,1291.79713476683,1255.18795197815,1225.16949817193,1256.57647500372,1221.60680920894,0,"Milano Cortina","Italy","Large","02/14/2026","M"
"Luca Roth","Luca Roth",2397,"Germany",999,999,"False","False",NA,NA,NA,NA,141,1220.63850806516,1298.0875,1291.79713476683,1292.96275000737,1223.29110953523,1276.09282347871,1220.63850806516,0,"Milano Cortina","Italy","Large","02/14/2026","M"
"Mitchell Penning","Mitchell Penning",2754,"Canada",999,999,"False","False",NA,NA,NA,NA,141,1216.74945891158,1298.0875,1291.79713476683,1297.53057550031,1228.22588676723,1256.57647500372,1216.74945891158,0,"Milano Cortina","Italy","Large","02/14/2026","M"
"Szymon Sarniak","Szymon Sarniak",2743,"Poland",999,999,"False","False",NA,NA,NA,NA,141,1215.95542171095,1298.0875,1291.79713476683,1259.07968600326,1229.33820343229,1256.57647500372,1215.95542171095,0,"Milano Cortina","Italy","Large","02/14/2026","M"
"Mai Zakelsek","Mai Zakelsek",2774,"Slovenia",999,999,"False","False",NA,NA,NA,NA,141,1213.63197874796,1298.0875,1291.79713476683,1187.26364482152,1270.59508653904,1256.57647500372,1213.63197874796,0,"Milano Cortina","Italy","Large","02/14/2026","M"
"Elias Arnold","Elias Arnold",2771,"Switzerland",999,999,"False","False",NA,NA,NA,NA,141,1213.19274305996,1298.0875,1291.79713476683,1255.18795197815,1222.7921656372,1256.57647500372,1213.19274305996,0,"Milano Cortina","Italy","Large","02/14/2026","M"
"Killian Peier","Killian Peier",882,"Switzerland",999,999,"False","False",NA,NA,NA,NA,141,1212.13225254348,1298.0875,1300,1260.67622745679,1225.29537042905,1219.0182828612,1212.13225254348,0,"Milano Cortina","Italy","Large","02/14/2026","M"
"Mats Strandbråten","Mats Strandbråten",2651,"Norway",999,999,"False","False",NA,NA,NA,NA,141,1210.60175820661,1298.0875,1291.79713476683,1224.29130367968,1232.56707399449,1256.57647500372,1210.60175820661,0,"Milano Cortina","Italy","Large","02/14/2026","M"
"Tomasz Pilch","Tomasz Pilch",2200,"Poland",999,999,"False","False",NA,NA,NA,NA,141,1209.7663934665,1298.0875,1291.79713476683,1352.32831345391,1207.00210301035,1256.57647500372,1209.7663934665,0,"Milano Cortina","Italy","Large","02/14/2026","M"
"Juri Kesseli","Juri Kesseli",2585,"Switzerland",999,999,"False","False",NA,NA,NA,NA,141,1208.16441185024,1298.0875,1291.79713476683,1217.38405488605,1224.86314137192,1256.57647500372,1208.16441185024,0,"Milano Cortina","Italy","Large","02/14/2026","M"
"Lukasz Lukaszczyk","Lukasz Lukaszczyk",2709,"Poland",999,999,"False","False",NA,NA,NA,NA,141,1207.05462944504,1298.0875,1291.79713476683,1273.89181127126,1219.18531142876,1256.57647500372,1207.05462944504,0,"Milano Cortina","Italy","Large","02/14/2026","M"
"Daniil Kalinkin","Daniil Kalinkin",2752,"Kazakhstan",999,999,"False","False",NA,NA,NA,NA,141,1205.66013187596,1298.0875,1291.79713476683,1129.3388498215,1231.09974515145,1256.57647500372,1205.66013187596,0,"Milano Cortina","Italy","Large","02/14/2026","M"
"Sergey Tkachenko","Sergey Tkachenko",1865,"Kazakhstan",999,999,"False","False",NA,NA,NA,NA,141,1202.90957480147,1298.0875,1291.79713476683,1150.32152793783,1208.81281906509,1285.45362685812,1202.90957480147,0,"Milano Cortina","Italy","Large","02/14/2026","M"
"Odd Harald Svenningsen-Fjeld","Odd Harald Svenningsen-Fjeld",2751,"Norway",999,999,"False","False",NA,NA,NA,NA,141,1202.55644675072,1298.0875,1291.79713476683,1297.09479470625,1212.9323367163,1256.57647500372,1202.55644675072,0,"Milano Cortina","Italy","Large","02/14/2026","M"
"Tuomas Meis","Tuomas Meis",2627,"Finland",999,999,"False","False",NA,NA,NA,NA,141,1202.23386829716,1298.0875,1291.79713476683,1285.03113462391,1210.9458913876,1256.57647500372,1202.23386829716,0,"Milano Cortina","Italy","Large","02/14/2026","M"
"Junshiro Kobayashi","Junshiro Kobayashi",266,"Japan",999,999,"False","False",NA,NA,NA,NA,141,1202.20111981144,1298.0875,1291.79713476683,1290.12322330394,1206.33352718832,1243.5799885669,1202.20111981144,0,"Milano Cortina","Italy","Large","02/14/2026","M"
"Simon Ammann","Simon Ammann",4,"Switzerland",999,999,"False","False",NA,NA,NA,NA,141,1199.74476170657,1298.0875,1291.79713476683,1213.89567141652,1199.85577576743,1236.83759918977,1199.74476170657,0,"Milano Cortina","Italy","Large","02/14/2026","M"
"Remo Imhof","Remo Imhof",2569,"Switzerland",999,999,"False","False",NA,NA,NA,NA,141,1195.36575281538,1298.0875,1291.79713476683,1283.65777554952,1204.35219244922,1246.67395751253,1195.36575281538,0,"Milano Cortina","Italy","Large","02/14/2026","M"
"Urban Simnic","Urban Simnic",2712,"Slovenia",999,999,"False","False",NA,NA,NA,NA,141,1194.71575495444,1298.0875,1291.79713476683,1306.38797912654,1193.58421307117,1256.57647500372,1194.71575495444,0,"Milano Cortina","Italy","Large","02/14/2026","M"
"Anoki Pouradier","Anoki Pouradier",2750,"France",999,999,"False","False",NA,NA,NA,NA,141,1193.85732224145,1298.0875,1291.79713476683,1152.02794976804,1259.45223124732,1256.57647500372,1193.85732224145,0,"Milano Cortina","Italy","Large","02/14/2026","M"
"Keiichi Sato","Keiichi Sato",2184,"Japan",999,999,"False","False",NA,NA,NA,NA,141,1192.2953667443,1298.0875,1291.79713476683,1260.16674788649,1195.40261116109,1233.65144893114,1192.2953667443,0,"Milano Cortina","Italy","Large","02/14/2026","M"
"Pål-Håkon Bjørtomt","Pål-Håkon Bjørtomt",2494,"Norway",999,999,"False","False",NA,NA,NA,NA,141,1191.9843025352,1298.0875,1291.79713476683,1271.88459781631,1203.08518707962,1256.57647500372,1191.9843025352,0,"Milano Cortina","Italy","Large","02/14/2026","M"
"Taj Ekart","Taj Ekart",2605,"Slovenia",999,999,"False","False",NA,NA,NA,NA,141,1186.21672209895,1298.0875,1291.79713476683,1275.20906872647,1191.65407929271,1256.57647500372,1186.21672209895,0,"Milano Cortina","Italy","Large","02/14/2026","M"
"Eetu Nousiainen","Eetu Nousiainen",1869,"Finland",999,999,"False","False",NA,NA,NA,NA,141,1182.24140628534,1298.0875,1291.79713476683,1212.23584453722,1197.34527202532,1164.63213767753,1182.24140628534,0,"Milano Cortina","Italy","Large","02/14/2026","M"
"Riki Kurita","Riki Kurita",2135,"Japan",999,999,"False","False",NA,NA,NA,NA,141,1179.40043447392,1298.0875,1291.79713476683,1203.86341696241,1178.293881929,1256.57647500372,1179.40043447392,0,"Milano Cortina","Italy","Large","02/14/2026","M"
"Finn Braun","Finn Braun",2498,"Germany",999,999,"False","False",NA,NA,NA,NA,141,1177.10672796823,1298.0875,1291.79713476683,1195.16478087357,1188.35600758246,1256.57647500372,1177.10672796823,0,"Milano Cortina","Italy","Large","02/14/2026","M"
"Kasperi Valto","Kasperi Valto",2513,"Finland",999,999,"False","False",NA,NA,NA,NA,141,1176.39469585102,1298.0875,1291.79713476683,1255.23499106909,1168.76576552544,1251.38282255607,1176.39469585102,0,"Milano Cortina","Italy","Large","02/14/2026","M"
"Taku Takeuchi","Taku Takeuchi",33,"Japan",999,999,"False","False",NA,NA,NA,NA,141,1176.32883282756,1298.0875,1291.79713476683,1246.31515633349,1182.26648760904,1232.1479880698,1176.32883282756,0,"Milano Cortina","Italy","Large","02/14/2026","M"
"Jarkko Määttä","Jarkko Määttä",53,"Finland",999,999,"False","False",NA,NA,NA,NA,141,1175.69673634125,1298.0875,1291.79713476683,1222.51574964995,1168.02509495124,1200.42753101894,1175.69673634125,0,"Milano Cortina","Italy","Large","02/14/2026","M"
"Filip Krenek","Filip Krenek",2620,"Czechia",999,999,"False","False",NA,NA,NA,NA,141,1171.97054444998,1298.0875,1291.79713476683,1222.9078322851,1213.44074393949,1256.57647500372,1171.97054444998,0,"Milano Cortina","Italy","Large","02/14/2026","M"
"Tuomas Kinnunen","Tuomas Kinnunen",2555,"Finland",999,999,"False","False",NA,NA,NA,NA,141,1171.40703243898,1298.0875,1291.79713476683,1192.66303113388,1217.58160726466,1256.57647500372,1171.40703243898,0,"Milano Cortina","Italy","Large","02/14/2026","M"
"Rikuta Watanabe","Rikuta Watanabe",1849,"Japan",999,999,"False","False",NA,NA,NA,NA,141,1169.18135170242,1298.0875,1291.79713476683,1228.94692547564,1176.77537399875,1256.57647500372,1169.18135170242,0,"Milano Cortina","Italy","Large","02/14/2026","M"
"Sun Woong Jang","Sun Woong Jang",2680,"South Korea",999,999,"False","False",NA,NA,NA,NA,141,1168.69509902253,1298.0875,1291.79713476683,1186.81983737926,1206.60601378111,1256.57647500372,1168.69509902253,0,"Milano Cortina","Italy","Large","02/14/2026","M"
"Nejc Toporis","Nejc Toporis",2741,"Slovenia",999,999,"False","False",NA,NA,NA,NA,141,1168.50274126737,1298.0875,1291.79713476683,1173.38205595774,1213.22510956954,1256.57647500372,1168.50274126737,0,"Milano Cortina","Italy","Large","02/14/2026","M"
"Decker Dean","Decker Dean",2284,"USA",999,999,"False","False",NA,NA,NA,NA,141,1168.1239614008,1298.0875,1291.79713476683,1180.27005291557,1171.35206730043,1245.34239340584,1168.1239614008,0,"Milano Cortina","Italy","Large","02/14/2026","M"
"Erik Belshaw","Erik Belshaw",2497,"USA",999,999,"False","False",NA,NA,NA,NA,141,1167.74492751405,1298.0875,1291.79713476683,1206.71415492542,1175.34837375055,1292.96681084181,1167.74492751405,0,"Milano Cortina","Italy","Large","02/14/2026","M"
"Gorazd Zavrsnik","Gorazd Zavrsnik",2581,"Slovenia",999,999,"False","False",NA,NA,NA,NA,141,1166.54366454761,1298.0875,1291.79713476683,1161.16588243529,1217.48001357292,1256.57647500372,1166.54366454761,0,"Milano Cortina","Italy","Large","02/14/2026","M"
"Nik Gostisa Lah","Nik Gostisa Lah",2645,"Slovenia",999,999,"False","False",NA,NA,NA,NA,141,1163.48377780786,1298.0875,1291.79713476683,1146.41973768335,1230.02333882355,1256.57647500372,1163.48377780786,0,"Milano Cortina","Italy","Large","02/14/2026","M"
"Sawyer Graves","Sawyer Graves",2724,"USA",999,999,"False","False",NA,NA,NA,NA,141,1163.16027899864,1298.0875,1291.79713476683,1148.6441391995,1230.42989323888,1256.57647500372,1163.16027899864,0,"Milano Cortina","Italy","Large","02/14/2026","M"
"Heung Chul Choi","Heung Chul Choi",73,"South Korea",999,999,"False","False",NA,NA,NA,NA,141,1160.77895573482,1298.0875,1291.79713476683,1174.05108277298,1192.36555095454,1173.80793024731,1160.77895573482,0,"Milano Cortina","Italy","Large","02/14/2026","M"
"Adam Niznik","Adam Niznik",2468,"Poland",999,999,"False","False",NA,NA,NA,NA,141,1150.9269673612,1298.0875,1291.79713476683,1156.46599190041,1181.42697869126,1256.57647500372,1150.9269673612,0,"Milano Cortina","Italy","Large","02/14/2026","M"
"Jannik Faisst","Jannik Faisst",2606,"Germany",999,999,"False","False",NA,NA,NA,NA,141,1143.66178068634,1298.0875,1291.79713476683,1211.41219912981,1134.65606763016,1256.57647500372,1143.66178068634,0,"Milano Cortina","Italy","Large","02/14/2026","M"
"Daniel Skarka","Daniel Skarka",2597,"Czechia",999,999,"False","False",NA,NA,NA,NA,141,1135.08542043119,1298.0875,1291.79713476683,1243.53963685334,1147.90040329336,1256.57647500372,1135.08542043119,0,"Milano Cortina","Italy","Large","02/14/2026","M"
"Sabirzhan Muminov","Sabirzhan Muminov",916,"Kazakhstan",999,999,"False","False",NA,NA,NA,NA,141,1134.57474545156,1298.0875,1291.79713476683,1142.09892905452,1155.3516255319,1247.09848495872,1134.57474545156,0,"Milano Cortina","Italy","Large","02/14/2026","M"
"Casey Larson","Casey Larson",2114,"USA",999,999,"False","False",NA,NA,NA,NA,141,1126.91384805776,1298.0875,1291.79713476683,1202.77855742138,1136.87539894551,1192.54254128701,1126.91384805776,0,"Milano Cortina","Italy","Large","02/14/2026","M"
"David Rygl","David Rygl",2590,"Czechia",999,999,"False","False",NA,NA,NA,NA,141,1126.05869781458,1298.0875,1291.79713476683,1183.00670805866,1158.27639104186,1256.57647500372,1126.05869781458,0,"Milano Cortina","Italy","Large","02/14/2026","M"
"Emanuel Schmid","Emanuel Schmid",2624,"Germany",999,999,"False","False",NA,NA,NA,NA,141,1122.04057872372,1298.0875,1291.79713476683,1199.11495861528,1146.55361049865,1256.57647500372,1122.04057872372,0,"Milano Cortina","Italy","Large","02/14/2026","M"
"Andrew Urlaub","Andrew Urlaub",2426,"USA",999,999,"False","False",NA,NA,NA,NA,141,1115.48015329783,1298.0875,1291.79713476683,1316.06771363873,1098.83138350367,1278.30776820938,1115.48015329783,0,"Milano Cortina","Italy","Large","02/14/2026","M"
"Mircea Stefan Jipescu","Mircea Stefan Jipescu",2592,"Romania",999,999,"False","False",NA,NA,NA,NA,141,1115.33505002321,1298.0875,1291.79713476683,1079.19048695502,1193.64926276179,1256.57647500372,1115.33505002321,0,"Milano Cortina","Italy","Large","02/14/2026","M"
"Timi Heiskanen","Timi Heiskanen",2599,"Finland",999,999,"False","False",NA,NA,NA,NA,141,1114.47063333572,1298.0875,1291.79713476683,1143.11655581758,1174.7851389414,1256.57647500372,1114.47063333572,0,"Milano Cortina","Italy","Large","02/14/2026","M"
"Nurshat Tursunzhanov","Nurshat Tursunzhanov",2448,"Kazakhstan",999,999,"False","False",NA,NA,NA,NA,141,1112.61239350905,1298.0875,1291.79713476683,1261.15473378277,1103.91383939527,1256.57647500372,1112.61239350905,0,"Milano Cortina","Italy","Large","02/14/2026","M"
"Jaroslaw Krzak","Jaroslaw Krzak",2539,"Poland",999,999,"False","False",NA,NA,NA,NA,141,1108.98461303356,1298.0875,1291.79713476683,1114.10731879788,1143.47542628426,1256.57647500372,1108.98461303356,0,"Milano Cortina","Italy","Large","02/14/2026","M"
"Julien Gay","Julien Gay",2707,"France",999,999,"False","False",NA,NA,NA,NA,141,1095.34390717159,1298.0875,1291.79713476683,1164.46930377604,1124.15699696103,1256.57647500372,1095.34390717159,0,"Milano Cortina","Italy","Large","02/14/2026","M"
"Tymoteusz Amilkiewicz","Tymoteusz Amilkiewicz",2584,"Poland",999,999,"False","False",NA,NA,NA,NA,141,1095.03022872361,1298.0875,1291.79713476683,1194.87945759727,1116.25473139584,1256.57647500372,1095.03022872361,0,"Milano Cortina","Italy","Large","02/14/2026","M"
"Tarik Vanwieren","Tarik Vanwieren",2681,"Canada",999,999,"False","False",NA,NA,NA,NA,141,1093.69811135845,1298.0875,1291.79713476683,1065.3111437195,1198.71742176934,1256.57647500372,1093.69811135845,0,"Milano Cortina","Italy","Large","02/14/2026","M"
"Marius Sieber","Marius Sieber",2614,"Switzerland",999,999,"False","False",NA,NA,NA,NA,141,1071.9965324627,1298.0875,1291.79713476683,1135.79679711324,1129.11614992836,1256.57647500372,1071.9965324627,0,"Milano Cortina","Italy","Large","02/14/2026","M"
"Bryce Kloc","Bryce Kloc",2629,"USA",999,999,"False","False",NA,NA,NA,NA,141,1059.13832106548,1298.0875,1291.79713476683,1093.14065260531,1117.55036628184,1256.57647500372,1059.13832106548,0,"Milano Cortina","Italy","Large","02/14/2026","M"
"Andero Kapp","Andero Kapp",2588,"Estonia",999,999,"False","False",NA,NA,NA,NA,141,1056.60657193451,1298.0875,1291.79713476683,1198.77328988494,1088.31342339023,1256.57647500372,1056.60657193451,0,"Milano Cortina","Italy","Large","02/14/2026","M"
"Yixin Lyu","Yixin Lyu",2558,"China",999,999,"False","False",NA,NA,NA,NA,141,1054.9965934592,1298.0875,1291.79713476683,1010.65496878459,1142.95089146368,1256.57647500372,1054.9965934592,0,"Milano Cortina","Italy","Large","02/14/2026","M"
"Ari Repellin","Ari Repellin",2616,"France",999,999,"False","False",NA,NA,NA,NA,141,1038.85824813555,1298.0875,1291.79713476683,1061.95937601484,1093.17717864785,1256.57647500372,1038.85824813555,0,"Milano Cortina","Italy","Large","02/14/2026","M"
"Benedikt Holub","Benedikt Holub",2330,"Czechia",999,999,"False","False",NA,NA,NA,NA,141,1012.36884014724,1298.0875,1291.79713476683,1095.62661702925,1052.96549659446,1256.57647500372,1012.36884014724,0,"Milano Cortina","Italy","Large","02/14/2026","M"
